Year,Population,Season,Line#,Treatment,TechRep,Load (log[count/mL])
2012,MA,Spring,3,PR,1,2.582729342
2012,VA,Spring,16,PR,2,2.5648684
2014,MA,Spring,7,PR,2,2.55889787
2012,PA,Spring,19,PR,2,2.557673636
2012,PA,Spring,3,PR,2,2.55643896
2012,MA,Spring,1,PR,1,2.540738008
2012,PA,Spring,14,PR,1,2.536886721
2012,VA,Spring,3,PR,2,2.536175345
2012,PA,Spring,13,PR,2,2.532930169
2014,MA,Spring,15,PR,3,2.5299832
2012,MA,Spring,10,PR,2,2.526594532
2012,MA,Spring,7,PR,3,2.526594532
2012,VA,Spring,13,PR,1,2.526594532
2012,VA,Spring,18,PR,2,2.5258306
2012,VA,Spring,4,PR,1,2.522342122
2012,VA,Spring,8,PR,1,2.521555355
2012,PA,Spring,17,PR,1,2.517961009
2012,VA,Spring,1,PR,3,2.512606365
2014,MA,Spring,16,PR,1,2.511342035
2012,PA,Spring,13,PR,3,2.509209967
2012,VA,Spring,15,PR,7,2.505291281
2012,PA,Spring,3,PR,1,2.499436851
2012,VA,Spring,10,PR,1,2.497586796
2012,PA,Spring,16,PR,2,2.489940672
2012,PA,Spring,2,PR,2,2.489940672
2012,MA,Spring,19,PR,3,2.484948287
2014,PA,Spring,12,PR,2,2.481868068
2012,PA,Spring,7,PR,1,2.480303027
2012,PA,Spring,4,PR,2,2.467133514
2012,PA,Fall,25,PR,2,2.465399782
2012,VA,Fall,38,PR,3,2.461868758
2012,PA,Spring,13,PR,2,2.458249449
2012,PA,Spring,18,PR,2,2.457022621
2012,PA,Spring,7,PR,1,2.456405286
2012,PA,Spring,3,PR,3,2.455162662
2012,VA,Spring,14,PR,2,2.453909279
2014,PA,Spring,2,PR,2,2.449434954
2012,PA,Spring,14,PR,3,2.448784325
2012,PA,Spring,17,PR,2,2.448784325
2012,VA,Spring,1,PR,4,2.446814705
2014,MA,Fall,1,PR,1,2.111484584
2012,PA,Spring,9,PR,2,2.444146153
2012,PA,Spring,6,PR,2,2.441427485
2012,MA,Fall,24,PR,,2.441427485
2012,MA,Fall,27,PR,2,2.441427485
2012,VA,Spring,12,PR,2,2.440048762
2012,MA,Fall,26,PR,2,2.440048762
2012,MA,Spring,8,PR,1,2.439354445
2014,PA,Fall,11,PR,1,2.439354445
2012,MA,Fall,27,PR,5,2.43795574
2012,PA,Spring,10,PR,1,2.436543389
2012,PA,Fall,38,PR,2,2.435117123
2012,MA,Fall,38,PR,1,2.430752024
2012,PA,Spring,17,PR,2,2.430011537
2012,MA,Spring,19,PR,1,2.430011537
2012,PA,Spring,20,PR,2,2.428519103
2012,VA,Spring,9,PR,3,2.428519103
2012,PA,Spring,1,PR,2,2.428519103
2012,MA,Spring,18,PR,2,2.427011122
2012,PA,Spring,8,PR,2,2.425487268
2012,VA,Spring,14,PR,1,2.423947202
2012,PA,Spring,18,PR,2,2.422390576
2012,MA,Fall,29,PR,1,2.42081703
2012,PA,Spring,18,PR,2,2.420023796
2012,MA,Spring,2,PR,2,2.416806667
2012,PA,Spring,12,PR,2,2.416806667
2012,PA,Spring,6,PR,2,2.416806667
2012,PA,Spring,7,PR,3,2.416806667
2012,VA,Fall,27,PR,3,2.416806667
2012,PA,Spring,3,PR,2,2.415170889
2012,PA,Spring,3,PR,3,2.415170889
2012,MA,Fall,40,PR,3,2.415170889
2012,MA,Spring,16,PR,2,2.413516416
2014,MA,Spring,19,PR,3,2.41014964
2012,VA,Fall,33,PR,1,2.408436427
2012,VA,Spring,11,PR,2,2.407572157
2012,MA,Spring,20,PR,2,2.405827981
2012,VA,Spring,17,PR,1,2.405827981
2012,MA,Spring,2,PR,2,2.400465708
2014,PA,Spring,17,PR,1,2.400465708
2014,PA,Fall,6,PR,1,2.400465708
2012,MA,Fall,21,PR,3,2.398633217
2012,MA,Spring,12,PR,2,2.396777233
2012,VA,Spring,1,PR,2,2.396777233
2012,MA,Fall,28,PR,1,2.396777233
2012,MA,Spring,12,PR,1,2.39584024
2012,PA,Spring,16,PR,3,2.393947863
2012,PA,Spring,16,PR,3,2.393947863
2014,VA,Spring,2,PR,1,2.39203042
2012,MA,Fall,23,PR,2,2.390087238
2012,VA,Spring,12,PR,1,2.388117619
2012,VA,Spring,18,PR,2,2.387122667
2012,VA,Spring,4,PR,1,2.386120831
2012,PA,Spring,2,PR,3,2.386120831
2012,MA,Spring,14,PR,2,2.383073038
2012,PA,Spring,2,PR,1,2.382042679
2012,PA,Spring,1,PR,2,2.381004933
2012,MA,Spring,15,PR,1,2.378906856
2012,MA,Spring,6,PR,1,2.378906856
2012,VA,Fall,39,PR,4,2.378906856
2012,PA,Spring,2,PR,2,2.376777923
2014,PA,Spring,9,PR,1,2.376777923
2012,VA,Spring,6,PR,3,2.374617214
2012,PA,Spring,16,PR,2,2.373524644
2012,VA,Fall,31,PR,3,2.372423765
2012,MA,Fall,27,PR,1,2.372423765
2014,VA,Spring,17,PR,1,2.372423765
2014,PA,Spring,10,PR,1,2.372423765
2012,MA,Spring,14,PR,3,2.371314451
2012,MA,Spring,5,PR,2,2.371314451
2012,MA,Fall,39,PR,3,2.37019657
2014,MA,Spring,18,PR,2,2.37019657
2014,MA,Spring,19,PR,1,2.367934574
2014,PA,Spring,7,PR,1,2.367934574
2012,VA,Spring,18,PR,3,2.366790182
2012,VA,Spring,5,PR,2,2.366790182
2014,VA,Spring,8,PR,3,2.365636671
2014,MA,Spring,2,PR,1,2.363301704
2012,MA,Spring,12,PR,3,2.362119944
2014,PA,Spring,14,PR,1,2.362119944
2012,PA,Fall,32,PR,1,2.359727082
2012,MA,Spring,1,PR,1,2.358515654
2014,VA,Spring,17,PR,3,2.357294002
2012,PA,Spring,11,PR,2,2.356061954
2012,PA,Spring,18,PR,1,2.356061954
2012,PA,Spring,20,PR,3,2.356061954
2012,MA,Spring,1,PR,3,2.35481933
2014,PA,Spring,9,PR,3,2.35481933
2014,VA,Fall,13,PR,2,2.35481933
2012,MA,Spring,4,PR,2,2.353565947
2012,MA,Fall,27,PR,4,2.352301617
2014,MA,Spring,14,PR,3,2.352301617
2014,MA,Spring,19,PR,1,2.352301617
2012,PA,Spring,15,PR,2,2.351026148
2014,PA,Spring,8,PR,2,2.349739341
2012,MA,Fall,25,PR,1,2.347130895
2014,VA,Spring,2?,PR,1,2.347130895
2012,VA,Spring,15,PR,2,2.344474585
2012,VA,Spring,20,PR,1,2.344474585
2012,MA,Spring,2,PR,2,2.341768622
2012,PA,Spring,4,PR,1,2.341768622
2014,MA,Spring,19,PR,2,2.340396433
2014,PA,Spring,18,PR,1,2.340396433
2012,MA,Spring,7,PR,1,2.339011113
2012,PA,Fall,40,PR,2,2.337612408
2012,VA,Spring,14,PR,1,2.336200057
2012,PA,Spring,14,PR,3,2.333333333
2014,PA,Spring,19,PR,1,2.332024551
2012,PA,Spring,11,PR,1,2.329370947
2012,MA,Fall,23,PR,1,2.326516125
2012,MA,Spring,3,PR,1,2.325143936
2012,PA,Spring,5,PR,1,2.325143936
2012,VA,Spring,7,PR,2,2.32360387
2012,MA,Spring,10,PR,1,2.322359911
2012,PA,Spring,16,PR,1,2.322359911
2012,VA,Spring,6,PR,2,2.322359911
2012,MA,Spring,9,PR,2,2.320631825
2012,MA,Spring,18,PR,1,2.31936195
2012,MA,Fall,22,PR,1,2.317758779
2014,PA,Spring,16,PR,1,2.316788285
2012,PA,Spring,12,PR,3,2.316463336
2012,MA,Fall,39,PR,1,2.314662958
2012,MA,Spring,4,PR,3,2.313339385
2012,MA,Spring,6,PR,1,2.310316344
2012,VA,Spring,20,PR,2,2.310316344
2014,PA,Spring,21,PR,3,2.308437364
2014,MA,Spring,15,PR,1,2.308093095
2012,VA,Spring,12,PR,3,2.305133278
2012,MA,Spring,19,PR,1,2.30389672
2012,VA,Spring,14,PR,2,2.30389672
2012,MA,Spring,9,PR,1,2.301752016
2012,MA,Spring,12,PR,2,2.300486107
2012,MA,Spring,2,PR,1,2.300486107
2012,MA,Spring,17,PR,2,2.300304356
2012,VA,Fall,36,PR,1,2.298474182
2014,VA,Fall,12,PR,2,2.298474182
2012,MA,Spring,9,PR,1,2.297179153
2012,MA,Spring,2,PR,1,2.293604531
2014,PA,Fall,15,PR,3,1.959123782
2012,MA,Fall,37,PR,3,2.292072614
2014,VA,Fall,14,PR,2,1.95873928
2012,PA,Spring,5,PR,2,2.291300533
2014,PA,Spring,20,PR,3,2.291300533
2012,PA,Spring,9,PR,3,2.290718758
2012,VA,Fall,37,PR,2,2.283956534
2012,PA,Spring,11,PR,1,2.283548745
2012,VA,Spring,2,PR,2,2.28252422
2012,MA,Spring,14,PR,2,2.281906006
2012,PA,Spring,3,PR,3,2.281906006
2014,MA,Fall,3,PR,1,1.946911078
2012,VA,Fall,25,PR,4,2.277076565
2012,MA,Spring,20,PR,2,2.276005021
2012,MA,Fall,32,PR,1,2.276005021
2012,PA,Spring,9,PR,3,2.275574173
2012,PA,Spring,6,PR,1,2.275574173
2012,VA,Fall,21,PR,1,2.275574173
2012,MA,Spring,10,PR,1,2.274708611
2012,MA,Spring,20,PR,1,2.274708611
2012,VA,Spring,14,PR,2,2.274708611
2012,MA,Spring,7,PR,2,2.26713457
2014,MA,Fall,6,PR,1,1.930329492
2012,VA,Spring,15,PR,1,2.26272279
2012,VA,Spring,5,PR,1,2.262250474
2012,MA,Spring,1,PR,2,2.262250474
2012,PA,Spring,15,PR,1,2.259142274
2012,PA,Spring,9,PR,1,2.259142274
2012,VA,Spring,3,PR,1,2.259142274
2012,VA,Fall,33,PR,3,2.259142274
2012,VA,Spring,8,PR,2,2.257440569
2012,MA,Spring,6,PR,2,2.256950671
2012,MA,Fall,37,PR,2,2.256950671
2012,VA,Spring,16,PR,1,2.255718622
2012,VA,Spring,17,PR,3,2.255718622
2012,MA,Spring,8,PR,1,2.253725271
2012,MA,Spring,18,PR,2,2.250169465
2012,PA,Spring,6,PR,3,2.246260186
2012,VA,Fall,40,PR,1,2.245730881
2012,PA,Fall,33,PR,1(2),2.243594092
2012,MA,Spring,2,PR,3,2.241698174
2014,VA,Spring,5,PR,1,2.239500563
2012,PA,Spring,2,PR,2,2.237549901
2014,PA,Fall,11,PR,2,2.237549901
2012,MA,Spring,16,PR,1,2.2361403
2012,VA,Spring,4,PR,3,2.235572594
2014,VA,Fall,20,PR,3,1.902239261
2012,VA,Spring,2,PR,1,2.234430459
2012,VA,Spring,13,PR,2,2.234143512
2012,VA,Spring,18,PR,1,2.234143512
2014,PA,Spring,4,PR,1,2.233279242
2012,PA,Spring,6,PR,1,2.232118796
2012,MA,Spring,17,PR,1,2.22917632
2012,MA,Spring,9,PR,3,2.227682346
2014,PA,Spring,20,PR,1,2.226778504
2012,PA,Spring,15,PR,2,2.224647333
2012,VA,Fall,22,PR,1,2.224647333
2012,PA,Fall,28,PR,1,2.223105627
2012,MA,Fall,22,PR,2,2.22217266
2014,VA,Spring,2,PR,3,2.219972067
2012,PA,Spring,5,PR,1,2.218699401
2012,VA,Spring,12,PR,3,2.213824704
2012,VA,Spring,7,PR,4,2.210481256
2014,VA,Fall,2,PR,2,1.87441643
2012,MA,Spring,13,PR,1,2.206364444
2012,PA,Spring,10,PR,1,2.206364444
2012,PA,Fall,21,PR,1(2),2.205316684
2012,PA,Spring,7,PR,1,2.202485008
2014,MA,Spring,9,PR,1,2.202485008
2014,PA,Spring,10,PR,2,2.202485008
2012,MA,Spring,6,PR,3,2.201408684
2014,MA,Spring,1,PR,1,2.199961024
2014,MA,Fall,16,PR,1,1.864797517
2014,VA,Fall,3,PR,1,2.194399591
2012,PA,Spring,5,PR,3,2.191729282
2012,MA,Fall,33,PR,3,2.191729282
2014,MA,Spring,5,PR,1,2.191729282
2014,MA,Spring,7,PR,1,2.191729282
2014,PA,Spring,1,PR,1,2.191729282
2012,VA,Spring,10,PR,2,2.190569611
2012,VA,Spring,2,PR,3,2.190569611
2012,VA,Fall,39,PR,2,2.189008789
2014,MA,Fall,3,PR,2,1.854888688
2012,MA,Spring,19,PR,2,2.187430955
2012,MA,Spring,7,PR,1,2.187430955
2014,VA,Fall,11,PR,1,2.185835734
2012,MA,Spring,12,PR,2,2.184627676
2012,MA,Spring,1,PR,2,2.178431373
2012,VA,Spring,6,PR,2,2.178431373
2012,VA,Fall,29,PR,2,2.176733233
2014,VA,Spring,16,PR,2,2.176733233
2012,PA,Spring,5,PR,2,2.174582156
2012,PA,Spring,1,PR,1,2.173712695
2014,VA,Spring,2,PR,3,2.170627787
2012,PA,Fall,26,PR,1,2.17018167
2014,PA,Spring,6,PR,1,2.17018167
2012,MA,Spring,20,PR,3,2.168835011
2014,PA,Spring,16,PR,2,2.168835011
2014,VA,Spring,15,PR,1,2.168835011
2014,MA,Spring,14,PR,1,2.163787231
2014,PA,Fall,20,PR,2,1.829516906
2014,MA,Spring,14,PR,3,2.161907142
2014,VA,Spring,4,PR,2,2.161907142
2012,VA,Fall,29,PR,1,2.160002314
2014,MA,Spring,9,PR,3,2.160002314
2014,VA,Spring,13,PR,2,2.153130829
2014,VA,Fall,3,PR,2,2.152627299
2012,PA,Spring,19,PR,1,2.150595479
2012,PA,Spring,14,PR,2,2.149568773
2012,MA,Spring,5,PR,1,2.148014932
2014,MA,Spring,14,PR,2,2.142711598
2014,VA,Spring,10,PR,1,2.141081958
2014,VA,Spring,3,PR,2,2.141081958
2012,VA,Spring,15,PR,1,2.140534642
2012,MA,Spring,20,PR,1,2.139433764
2012,VA,Fall,23,PR,2,2.138880169
2014,VA,Spring,15,PR,2,2.138324449
2012,MA,Fall,38,PR,3,2.137206569
2014,MA,Spring,3,PR,3,2.137206569
2012,PA,Spring,14,PR,2,2.136079988
2012,VA,Spring,2,PR,2,2.133224574
2012,PA,Fall,35,PR,3,2.129722028
2014,MA,Spring,11,PR,3,2.128535425
2014,PA,Spring,19,PR,2,2.122451974
2012,VA,Spring,12,PR,2,2.121203993
2012,MA,Fall,34,PR,2,2.119945161
2012,MA,Spring,8,PR,1,2.118675286
2012,PA,Spring,16,PR,1,2.118675286
2014,MA,Spring,8,PR,1,2.118036146
2014,PA,Spring,10,PR,2,2.114797425
2014,MA,Spring,17,PR,3,2.114797425
2012,MA,Spring,17,PR,1,2.114140894
2012,MA,Spring,7,PR,2,2.112818831
2014,MA,Fall,11,PR,1,1.778819911
2012,PA,Spring,4,PR,1,2.110137924
2012,MA,Spring,5,PR,1,2.10877862
2012,PA,Spring,4,PR,1,2.10877862
2014,MA,Spring,14,PR,2,2.107406432
2014,MA,Spring,19,PR,2,2.107406432
2012,PA,Spring,20,PR,3,2.103917954
2014,MA,Fall,10,PR,1,1.769876722
2012,MA,Fall,30,PR,1,2.102498679
2012,MA,Fall,37,PR,4,2.102498679
2014,PA,Spring,13,PR,1,2.102498679
2012,MA,Fall,40,PR,2,2.099617692
2012,MA,Fall,30,PR,2,2.099617692
2014,PA,Spring,21,PR,1,2.096678204
2014,PA,Fall,6,PR,2,1.761852436
2012,PA,Spring,15,PR,3,2.093677789
2014,MA,Spring,17,PR,3,2.093677789
2014,VA,Spring,14,PR,2,2.093677789
2012,VA,Fall,27,PR,1,2.090613869
2012,PA,Fall,37,PR,2,2.090613869
2014,VA,Fall,1,PR,1,1.756504315
2012,PA,Spring,18,PR,1,2.088272608
2012,VA,Spring,16,PR,3,2.086690463
2012,PA,Spring,12,PR,1,2.083473334
2012,PA,Spring,1,PR,3,2.082657755
2014,VA,Spring,2,PR,2,2.082657755
2012,MA,Fall,34,PR,3,2.081837556
2014,MA,Fall,11,PR,1,1.744332037
2014,VA,Fall,19,PR,2,2.075103094
2012,MA,Spring,6,PR,2,2.074238824
2012,VA,Spring,18,PR,1,2.074238824
2014,PA,Fall,1,PR,1,1.740036029
2012,PA,Spring,2,PR,3,2.071614616
2014,VA,Fall,11,PR,2,1.738281283
2012,MA,Spring,3,PR,2,2.070729201
2014,MA,Fall,8,PR,2,1.735608625
2014,VA,Fall,5,PR,3,2.065299884
2012,VA,Spring,19,PR,2,2.064374866
2012,MA,Spring,18,PR,1,2.063443899
2012,VA,Spring,16,PR,2,2.063443899
2012,MA,Spring,14,PR,1,2.060614529
2014,MA,Fall,12,PR,1,1.727281196
2012,MA,Spring,19,PR,2,2.058697086
2012,MA,Spring,6,PR,3,2.058697086
2014,PA,Spring,7,PR,1,2.057728756
2012,VA,Spring,2,PR,3,2.056753905
2014,MA,Spring,12,PR,2,2.056753905
2012,VA,Fall,38,PR,2,2.052787497
2012,VA,Fall,32,PR,2,2.052787497
2014,MA,Spring,11,PR,2,2.050762781
2012,MA,Fall,36,PR,1,2.049739704
2014,PA,Fall,2,PR,2,1.714338267
2012,VA,Fall,40,PR,3,2.043444589
2014,MA,Spring,16,PR,1,2.043444589
2014,PA,Spring,6,PR,2,2.042368266
2014,PA,Fall,21,PR,1,1.709034933
2014,PA,Spring,9,PR,3,2.04128388
2014,MA,Fall,5,PR,3,1.707950547
2012,PA,Fall,25,PR,1,2.037981117
2012,VA,Spring,3,PR,1,2.03460124
2012,PA,Spring,16,PR,2,2.033456848
2012,VA,Fall,32,PR,3,2.033456848
2012,VA,Spring,7,PR,3,2.032303338
2012,PA,Spring,4,PR,3,2.031140562
2014,MA,Spring,20,PR,1,2.031140562
2014,VA,Spring,14,PR,1,2.031140562
2014,VA,Fall,17,PR,2,1.697807228
2014,PA,Spring,6,PR,3,2.02878661
2012,PA,Spring,10,PR,2,2.026393749
2012,MA,Spring,15,PR,2,2.02518232
2012,MA,Spring,13,PR,2,2.023960669
2012,PA,Spring,8,PR,1,2.023960669
2014,PA,Spring,6,PR,1,2.022728621
2014,MA,Spring,16,PR,3,2.020232613
2014,PA,Spring,2,PR,3,2.020232613
2014,PA,Spring,11,PR,1,2.017692814
2012,PA,Spring,11,PR,1,2.016406008
2014,MA,Spring,5,PR,2,2.01510766
2012,MA,Spring,2,PR,3,2.009794593
2012,MA,Spring,8,PR,3,2.008435288
2014,PA,Spring,14,PR,1,2.008435288
2014,PA,Fall,21,PR,1,2.00567778
2014,PA,Fall,10,PR,1,1.670945742
2012,VA,Spring,15,PR,1,2.001440458
2012,MA,Spring,16,PR,2,1.99927436
2014,MA,Spring,16,PR,2,1.99927436
2012,PA,Spring,4,PR,2,1.996186319
2014,PA,Spring,8,PR,2,1.995590578
2012,PA,Spring,3,PR,1,1.994692345
2014,PA,Fall,5,PR,2,1.660606202
2012,VA,Fall,25,PR,2,1.993485964
2014,PA,Spring,14,PR,2,1.992574535
2012,VA,Spring,18,PR,3,1.991350301
2014,PA,Fall,7,PR,1,1.657555197
2014,PA,Spring,1,PR,2,1.989182659
2012,VA,Spring,15,PR,3,1.987929276
2014,MA,Spring,18,PR,2,1.985709399
2014,VA,Spring,13,PR,1,1.985068846
2014,VA,Fall,2,PR,1,1.982967254
2014,MA,Spring,19,PR,1,1.982150755
2012,VA,Spring,12,PR,1,1.981658636
2014,MA,Fall,19,PR,1,1.648160891
2014,MA,Spring,3,PR,3,1.980669351
2014,MA,Spring,15,PR,2,1.978502422
2014,MA,Fall,8,PR,1,1.645169089
2012,MA,Spring,9,PR,2,1.977152624
2012,MA,Spring,15,PR,2,1.976131951
2014,MA,Spring,8,PR,2,1.976131951
2014,PA,Fall,2,PR,1,1.976131951
2014,PA,Fall,16,PR,2,1.641426429
2014,VA,Fall,7,PR,3,1.971447719
2012,VA,Spring,15,PR,2,1.969495006
2014,PA,Fall,15,PR,2,1.96913712
2012,MA,Spring,14,PR,1,1.966971023
2012,MA,Spring,18,PR,2,1.966789043
2014,VA,Spring,16,PR,1,1.964217011
2012,VA,Fall,39,PR,3,1.962913654
2014,VA,Spring,1,PR,1,1.962913654
2014,PA,Spring,9,PR,2,1.961787073
2014,PA,Spring,13,PR,1,1.961787073
2014,VA,Fall,20,PR,2,1.62845374
2012,PA,Spring,12,PR,1,1.961598455
2012,PA,Spring,2,PR,1,1.961598455
2014,PA,Fall,16,PR,1,1.628076257
2014,VA,Fall,16,PR,2,1.625790449
2014,PA,Fall,10,PR,2,1.959123782
2014,MA,Fall,15,PR,1,1.624633866
2014,PA,Fall,10,PR,2,1.623662938
2014,VA,Fall,5,PR,1,1.623662938
2014,PA,Fall,19,PR,1,1.621701325
2012,VA,Spring,7,PR,1,1.954242509
2014,MA,Spring,8,PR,2,1.953844804
2014,PA,Spring,18,PR,2,1.953844804
2014,VA,Fall,4,PR,1,1.952242963
2014,VA,Fall,7,PR,3,1.617899404
2012,VA,Spring,17,PR,3,1.948366013
2014,MA,Spring,4,PR,1,1.948366013
2014,VA,Spring,10,PR,2,1.948366013
2014,VA,Spring,8,PR,1,1.945652246
2014,MA,Fall,17,PR,1,1.612318912
2012,MA,Fall,29,PR,2,1.942671688
2012,PA,Spring,9,PR,2,1.939847979
2012,PA,Spring,10,PR,1,1.939847979
2014,MA,Fall,20,PR,1,1.606514645
2012,PA,Spring,1,PR,2,1.937414899
2014,MA,Fall,12,PR,2,1.600696419
2012,MA,Fall,3,PR,,1.933801237
2014,VA,Fall,15,PR,2,1.600467903
2012,VA,Spring,7,PR,2,1.932422514
2014,VA,Spring,7,PR,3,1.93056355
2014,PA,Fall,13,PR,2,1.596526904
2014,MA,Fall,5,PR,1,1.59439623
2014,MA,Fall,16,PR,1,1.594157541
2012,MA,Spring,12,PR,1,1.926291491
2012,MA,Spring,15,PR,4,1.926291491
2012,MA,Spring,18,PR,3,1.924351564
2014,PA,Spring,16,PR,1,1.924351564
2012,PA,Spring,6,PR,1,1.918370755
2014,PA,Spring,17,PR,1,1.917605477
2014,MA,Fall,6,PR,1,1.584272144
2014,PA,Fall,17,PR,2,1.917605477
2012,VA,Spring,16,PR,2,1.915544733
2014,MA,Spring,18,PR,1,1.913979693
2014,PA,Fall,20,PR,1,1.580646359
2014,VA,Fall,5,PR,3,1.580646359
2012,PA,Spring,4,PR,3,1.912662442
2014,MA,Fall,20,PR,2,1.579064214
2012,MA,Spring,1,PR,3,1.909991429
2014,PA,Spring,8,PR,3,1.906719768
2014,VA,Spring,5,PR,2,1.906719768
2014,PA,Spring,4,PR,2,1.906719768
2012,PA,Spring,15,PR,1,1.905612574
2012,VA,Spring,17,PR,2,1.905612574
2012,VA,Spring,2,PR,1,1.905612574
2012,PA,Spring,2,PR,1,1.903372455
2012,PA,Spring,8,PR,3,1.903372455
2012,VA,Spring,13,PR,1,1.903089987
2014,MA,Fall,16,PR,2,1.568905927
2012,MA,Spring,19,PR,3,1.899945909
2014,PA,Fall,2,PR,2,1.899076448
2014,MA,Spring,17,PR,1,1.895247246
2014,MA,Spring,6,PR,1,1.895247246
2012,PA,Spring,13,PR,1,1.893747079
2014,PA,Fall,16,PR,2,1.560413746
2012,MA,Spring,3,PR,1,1.89283946
2012,VA,Fall,30,PR,2,1.887900308
2014,MA,Spring,7,PR,2,1.887900308
2014,MA,Spring,14,PR,1,1.886955159
2012,VA,Spring,11,PR,1,1.886321614
2012,PA,Spring,5,PR,1,1.885046145
2014,VA,Fall,7,PR,12,1.885046145
2012,PA,Spring,1,PR,4,1.881150892
2014,PA,Spring,16,PR,2,1.87982883
2014,VA,Fall,16,PR,2,1.87982883
2014,VA,Fall,6,PR,2,1.877822819
2012,PA,Spring,9,PR,1,1.876809292
2012,VA,Spring,20,PR,2,1.87441643
2014,PA,Spring,5,PR,1,1.87303111
2012,VA,Fall,28,PR,3,1.871632405
2012,MA,Spring,9,PR,1,1.86735333
2014,PA,Fall,9,PR,1,1.531832074
2012,MA,Spring,13,PR,2,1.864428689
2014,MA,Spring,15,PR,3,1.864058919
2014,MA,Spring,1,PR,2,1.859927866
2014,VA,Fall,18,PR,2,1.859927866
2012,PA,Spring,20,PR,2,1.858395948
2014,MA,Spring,12,PR,1,1.858395948
2014,VA,Fall,9,PR,3,1.523514313
2012,PA,Spring,14,PR,2,1.855282606
2012,PA,Fall,31,PR,1(2),1.854493695
2014,MA,Fall,7,PR,1,1.520367128
2014,PA,Spring,20,PR,2,1.850483333
2014,MA,Spring,5,PR,2,1.850483333
2014,PA,Spring,13,PR,2,1.848435705
2012,PA,Spring,3,PR,2,1.847608476
2014,PA,Spring,16,PR,3,1.846776492
2014,VA,Fall,20,PR,1,1.512606365
2014,PA,Fall,13,PR,3,1.507046028
2012,PA,Fall,29,PR,1,1.839942665
2012,PA,Fall,35,PR,2,1.839942665
2014,PA,Spring,5,PR,2,1.839942665
2012,VA,Spring,15,PR,3,1.839065299
2014,MA,Fall,10,PR,2,1.504405867
2014,PA,Fall,1,PR,3,1.502168344
2014,VA,Spring,3,PR,3,1.833686421
2012,MA,Fall,39,PR,2,1.832770185
2012,PA,Fall,37,PR,1,1.831848113
2014,MA,Fall,2,PR,3,1.497120565
2014,PA,Fall,17,PR,2,1.495712792
2012,PA,Spring,20,PR,1,1.827624528
2014,VA,Fall,1,PR,1,1.827147543
2012,MA,Fall,30,PR,2,1.825707085
2014,PA,Spring,4,PR,3,1.825223729
2014,MA,Fall,11,PR,2,1.491890396
2014,PA,Fall,15,PR,1,1.489940672
2012,MA,Spring,18,PR,1,1.821297663
2014,VA,Spring,18,PR,2,1.821297663
2014,VA,Fall,13,PR,3,1.821297663
2014,MA,Spring,5,PR,1,1.820299281
2012,PA,Spring,11,PR,3,1.819797496
2014,PA,Spring,13,PR,1,1.81828162
2012,MA,Fall,26,PR,1,1.817262145
2014,MA,Spring,11,PR,2,1.817262145
2014,VA,Fall,13,PR,1,1.817262145
2012,VA,Fall,29,PR,1,1.815719344
2014,MA,Spring,7,PR,1,1.813110898
2014,MA,Fall,5,PR,1,1.479777565
2012,PA,Spring,19,PR,2,1.812054216
2014,PA,Spring,4,PR,2,1.812054216
2014,VA,Fall,10,PR,3,1.812054216
2012,MA,Fall,29,PR,3,1.809917427
2014,MA,Fall,15,PR,2,1.476584093
2012,MA,Spring,7,PR,1,1.808837087
2014,PA,Fall,14,PR,2,1.808837087
2014,MA,Fall,10,PR,2,1.474415291
2014,MA,Spring,12,PR,2,1.806651916
2012,VA,Spring,18,PR,2,1.805546836
2012,VA,Spring,5,PR,1,1.804991116
2012,MA,Fall,25,PR,1,1.802746655
2014,VA,Spring,18,PR,1,1.80218006
2014,VA,Spring,11,PR,1,1.801040174
2014,PA,Fall,8,PR,2,1.46770684
2014,VA,Fall,12,PR,1,1.464817227
2014,PA,Spring,12,PR,1,1.796978369
2014,PA,Spring,1,PR,1,1.794605122
2014,VA,Fall,16,PR,1,1.793403747
2012,PA,Spring,7,PR,2,1.792192319
2014,MA,Spring,11,PR,3,1.790970668
2014,MA,Spring,10,PR,1,1.790970668
2014,PA,Fall,1,PR,2,1.457022621
2012,PA,Spring,8,PR,1,1.789738619
2012,PA,Spring,17,PR,1,1.787242612
2012,MA,Spring,14,PR,2,1.787242612
2012,PA,Spring,14,PR,1,1.783416006
2012,PA,Spring,13,PR,1,1.782117658
2012,VA,Spring,20,PR,1,1.782117658
2014,MA,Fall,15,PR,2(2),1.447474227
2014,VA,Fall,2,PR,3,1.447474227
2012,MA,Spring,13,PR,1,1.779485498
2012,VA,Spring,20,PR,1,1.779485498
2012,VA,Spring,9,PR,2,1.779485498
2014,MA,Spring,2,PR,1,1.779485498
2012,MA,Spring,4,PR,1,1.77815125
2012,VA,Spring,17,PR,1,1.77815125
2012,PA,Spring,1,PR,3,1.776804591
2014,VA,Spring,10,PR,1,1.775445287
2012,MA,Fall,23,PR,2,1.771289073
2014,MA,Fall,3,PR,1,1.437251287
2012,MA,Spring,1,PR,2,1.768450456
2012,MA,Fall,34,PR,1,1.768450456
2014,MA,Fall,15,PR,3,1.435117123
2014,PA,Fall,4,PR,1,1.433676665
2012,VA,Fall,40,PR,2,1.765555063
2012,VA,Fall,40,PR,1,1.765555063
2014,VA,Spring,4,PR,3,1.765555063
2012,PA,Spring,10,PR,2,1.764085357
2014,VA,Spring,11,PR,1,1.764085357
2012,VA,Spring,7,PR,1,1.762600577
2012,VA,Spring,9,PR,1,1.76110041
2014,VA,Fall,7,PR,2,1.427767076
2014,VA,Fall,5,PR,2,1.76110041
2014,PA,Spring,9,PR,1,1.759584534
2014,PA,Spring,5,PR,2,1.759584534
2014,MA,Fall,19,PR,2,1.423947202
2012,PA,Spring,15,PR,2,1.756504315
2012,VA,Fall,31,PR,1,1.755723909
2014,MA,Spring,2,PR,2,1.754939274
2012,MA,Fall,30,PR,1,1.754150363
2012,VA,Spring,1,PR,1,1.753357129
2012,MA,Spring,16,PR,1,1.750140001
2014,MA,Fall,13,PR,1,1.416806667
2014,VA,Spring,20,PR,2,1.745176149
2012,PA,Spring,18,PR,1,1.741769761
2014,PA,Spring,17,PR,2,1.741769761
2012,MA,Fall,35,PR,1,1.740036029
2012,PA,Spring,8,PR,3,1.736505005
2014,VA,Fall,6,PR,2,1.403171672
2012,PA,Spring,16,PR,3,1.734706661
2012,VA,Spring,3,PR,1,1.732885696
2014,VA,Spring,20,PR,3,1.732885696
2014,VA,Fall,12,PR,2,1.399552362
2014,VA,Fall,17,PR,3,1.399552362
2012,PA,Spring,7,PR,2,1.729173574
2012,PA,Fall,39,PR,1,1.729173574
2014,PA,Spring,8,PR,1,1.729173574
2014,VA,Fall,13,PR,1,1.39584024
2012,PA,Spring,20,PR,1,1.727281196
2014,VA,Fall,10,PR,2,1.393947863
2012,MA,Fall,23,PR,1,1.725363753
2014,PA,Fall,12,PR,1,1.39203042
2012,VA,Fall,27,PR,2,1.722439112
2012,VA,Spring,4,PR,2,1.720456001
2014,VA,Fall,16,PR,3,1.385112012
2014,PA,Fall,4,PR,1,1.383073038
2014,VA,Spring,8,PR,2,1.714338267
2014,VA,Fall,4,PR,12,1.714338267
2012,PA,Spring,9,PR,2,1.713293029
2014,VA,Spring,19,PR,3,1.712240189
2014,VA,Fall,5,PR,2,1.378906856
2012,MA,Fall,25,PR,2,1.710111256
2014,VA,Spring,12,PR,1,1.710111256
2014,VA,Fall,3,PR,3,1.707950547
2014,VA,Fall,1,PR,2,1.372423765
2012,VA,Fall,40,PR,2,1.703529903
2012,VA,Spring,14,PR,1,1.702403323
2012,MA,Fall,33,PR,2,1.701267907
2014,VA,Spring,4,PR,1,1.701267907
2014,VA,Fall,1,PR,2,1.701267907
2012,PA,Spring,8,PR,1,1.700123515
2014,MA,Spring,3,PR,1,1.698970004
2014,MA,Spring,1,PR,1,1.698970004
2014,VA,Spring,8,PR,2,1.698970004
2012,PA,Spring,11,PR,4,1.697807228
2012,MA,Fall,26,PR,1,1.696635037
2014,PA,Spring,7,PR,2,1.696635037
2014,MA,Spring,8,PR,1,1.696635037
2014,MA,Spring,9,PR,2,1.696635037
2014,MA,Spring,3,PR,2,1.696635037
2014,MA,Fall,19,PR,1,1.363301704
2012,PA,Spring,6,PR,3,1.69426179
2014,MA,Spring,1,PR,1,1.69426179
2014,PA,Spring,8,PR,2,1.69426179
2014,VA,Fall,14,PR,3,1.360928457
2012,MA,Fall,27,PR,2,1.693060415
2012,VA,Spring,16,PR,3,1.691848987
2012,VA,Fall,30,PR,1,1.691848987
2012,MA,Fall,29,PR,3,1.691848987
2014,VA,Fall,15,PR,1,1.358515654
2012,PA,Fall,27,PR,1,1.689395287
2012,MA,Fall,22,PR,1,1.689395287
2014,MA,Fall,3,PR,2,1.356061954
2012,VA,Fall,39,PR,1,1.68689928
2012,VA,Spring,6,PR,1,1.68563495
2012,VA,Spring,9,PR,2,1.68563495
2014,PA,Fall,19,PR,2,1.352301617
2014,VA,Fall,12,PR,1,1.684359481
2012,VA,Spring,14,PR,1,1.681774326
2014,VA,Fall,7,PR,2,1.681774326
2014,VA,Fall,18,PR,1,1.681774326
2014,PA,Spring,2,PR,1,1.679142166
2014,VA,Fall,9,PR,1,1.345808833
2012,MA,Spring,6,PR,1,1.677807918
2014,VA,Spring,15,PR,3,1.676461259
2014,VA,Fall,14,PR,1,1.343127926
2012,MA,Spring,6,PR,2,1.675101955
2012,VA,Fall,28,PR,1,1.673729766
2012,VA,Fall,25,PR,1,1.673729766
2012,VA,Spring,17,PR,1,1.670945742
2012,MA,Spring,8,PR,2,1.670945742
2014,VA,Spring,5,PR,2,1.670945742
2012,PA,Spring,1,PR,1,1.669533391
2012,PA,Spring,19,PR,1,1.669533391
2012,VA,Spring,1,PR,2,1.666666667
2014,PA,Spring,2,PR,3,1.665211732
2014,PA,Fall,9,PR,1,1.325755404
2014,PA,Fall,12,PR,2,1.325755404
2014,PA,Fall,4,PR,2,1.325755404
2012,MA,Spring,16,PR,3,1.656005238
2012,PA,Spring,8,PR,2,1.656005238
2014,MA,Spring,16,PR,2,1.656005238
2014,PA,Spring,12,PR,3,1.656005238
2014,VA,Fall,17,PR,1,1.322671905
2014,VA,Fall,19,PR,1,1.656005238
2014,PA,Spring,10,PR,3,1.652854628
2012,VA,Spring,7,PR,1,1.65157493
2012,PA,Spring,6,PR,2,1.64963392
2014,PA,Spring,21,PR,1,1.64963392
2014,MA,Fall,19,PR,3,1.311162429
2012,MA,Spring,10,PR,1,1.642798617
2012,MA,Fall,32,PR,2,1.642798617
2012,VA,Spring,16,PR,1,1.641598665
2012,PA,Fall,27,PR,2,1.639343446
2012,VA,Spring,8,PR,1,1.634544172
2012,MA,Spring,2,PR,1,1.632175406
2012,VA,Fall,27,PR,1,1.632175406
2014,PA,Spring,12,PR,3,1.632175406
2014,VA,Spring,6,PR,1,1.632175406
2014,VA,Spring,9,PR,2,1.632175406
2014,VA,Fall,10,PR,1,1.298842072
2012,PA,Spring,19,PR,1,1.630883678
2012,VA,Fall,38,PR,1,1.62845374
2012,PA,Fall,33,PR,3,1.62845374
2012,MA,Fall,24,PR,2,1.62845374
2012,MA,Fall,27,PR,3,1.62845374
2012,MA,Fall,32,PR,1,1.628076257
2012,PA,Fall,38,PR,1,1.624440201
2012,MA,Fall,37,PR,1,1.62051147
2014,VA,Spring,16,PR,1,1.62051147
2014,VA,Fall,11,PR,3,1.287178137
2014,PA,Fall,17,PR,3,1.286978874
2012,VA,Spring,11,PR,1,1.619311755
2014,PA,Spring,21,PR,2,1.612318912
2014,VA,Spring,4,PR,1,1.612318912
2014,PA,Spring,5,PR,1,1.612318912
2014,MA,Fall,18,PR,1,1.277928125
2012,VA,Spring,12,PR,2,1.608041945
2014,VA,Spring,15,PR,1,1.608041945
2014,MA,Spring,13,PR,1,1.608041945
2014,VA,Fall,7,PR,1,1.274708611
2014,VA,Fall,10,PR,1,1.608041945
2014,PA,Fall,7,PR,2,1.273181312
2014,MA,Fall,9,PR,3,1.270077506
2014,VA,Fall,10,PR,2,1.603410839
2014,PA,Fall,8,PR,1,1.26827356
2012,VA,Spring,11,PR,1,1.598858111
2012,PA,Spring,15,PR,3,1.598858111
2012,VA,Fall,28,PR,2,1.598858111
2014,PA,Spring,19,PR,1,1.598858111
2014,VA,Spring,1,PR,2,1.598858111
2014,PA,Fall,13,PR,1,1.265524778
2012,PA,Spring,8,PR,3,1.5976972
2012,PA,Spring,8,PR,4,1.594157541
2014,VA,Spring,9,PR,1,1.589299205
2014,VA,Fall,16,PR,1,1.255965872
2014,VA,Fall,12,PR,3,1.255965872
2012,VA,Spring,10,PR,1,1.588058711
2012,VA,Fall,32,PR,1,1.584272144
2014,MA,Fall,15,PR,1,1.25093881
2014,PA,Fall,5,PR,1,1.25093881
2014,VA,Fall,2,PR,1,1.25093881
2014,VA,Fall,9,PR,1,1.584272144
2014,VA,Fall,4,PR,2,1.584272144
2012,VA,Spring,12,PR,1,1.578798834
2014,VA,Spring,3,PR,2,1.578798834
2014,VA,Spring,20,PR,1,1.578798834
2012,PA,Spring,4,PR,2,1.573386434
2012,MA,Spring,4,PR,1,1.573386434
2014,PA,Spring,6,PR,2,1.573386434
2014,VA,Spring,6,PR,2,1.573386434
2014,VA,Spring,9,PR,3,1.573386434
2014,PA,Fall,2,PR,1,1.240053101
2012,VA,Spring,13,PR,2,1.572279241
2012,VA,Spring,3,PR,3,1.572279241
2012,PA,Spring,13,PR,2,1.567763793
2012,PA,Spring,20,PR,3,1.567763793
2014,VA,Spring,13,PR,1,1.567763793
2014,VA,Fall,15,PR,3,1.567763793
2012,VA,Spring,3,PR,2,1.566612575
2012,MA,Spring,13,PR,2,1.561913913
2012,MA,Fall,21,PR,2,1.561913913
2012,MA,Fall,25,PR,3,1.561913913
2014,VA,Spring,5,PR,1,1.561913913
2014,PA,Spring,19,PR,3,1.561913913
2014,MA,Spring,13,PR,2,1.561913913
2014,PA,Spring,20,PR,1,1.561913913
2014,VA,Fall,19,PR,1,1.22858058
2014,VA,Fall,5,PR,1,1.561913913
2012,MA,Spring,20,PR,2,1.560413746
2012,PA,Spring,1,PR,1,1.560413746
2012,MA,Spring,14,PR,3,1.555817651
2012,PA,Spring,11,PR,2,1.555817651
2014,VA,Spring,20,PR,3,1.555817651
2014,PA,Spring,1,PR,3,1.555817651
2014,MA,Spring,13,PR,2,1.555817651
2014,MA,Spring,17,PR,1,1.555817651
2014,MA,Fall,10,PR,1,1.222484318
2012,MA,Spring,16,PR,3,1.554252611
2012,VA,Spring,14,PR,2,1.547817559
2012,PA,Spring,18,PR,3,1.542455286
2014,MA,Spring,5,PR,3,1.542455286
2014,MA,Fall,9,PR,2,1.209121952
2014,VA,Fall,18,PR,2,1.209121952
2012,VA,Spring,13,PR,2,1.535460455
2012,PA,Spring,20,PR,2,1.535460455
2012,VA,Fall,33,PR,2,1.535460455
2014,VA,Spring,4,PR,2,1.535460455
2014,VA,Spring,2,PR,1,1.535460455
2014,PA,Spring,7,PR,2,1.535460455
2012,MA,Spring,15,PR,1,1.534019997
2012,VA,Spring,13,PR,3,1.534019997
2012,VA,Spring,19,PR,1,1.534019997
2012,MA,Spring,5,PR,1,1.528110408
2014,MA,Spring,13,PR,3,1.528110408
2014,MA,Spring,13,PR,3,1.528110408
2014,PA,Fall,8,PR,1,1.194777075
2014,VA,Fall,6,PR,1,1.194777075
2014,VA,Fall,18,PR,3,1.528110408
2012,VA,Spring,20,PR,3,1.526594532
2012,MA,Spring,15,PR,3,1.520367128
2012,VA,Spring,15,PR,2,1.520367128
2012,PA,Fall,39,PR,1,1.520367128
2014,VA,Spring,18,PR,3,1.520367128
2014,MA,Fall,1,PR,3,1.182180888
2012,VA,Spring,17,PR,2,1.511764707
2012,MA,Fall,22,PR,3,1.511764707
2012,MA,Fall,29,PR,1,1.507481411
2014,MA,Spring,12,PR,1,1.503067507
2014,MA,Spring,11,PR,1,1.503067507
2014,VA,Fall,7,PR,1,1.503067507
2012,PA,Spring,9,PR,1,1.49381421
2012,PA,Fall,33,PR,1,1.49381421
2012,MA,Fall,21,PR,1,1.49381421
2014,VA,Spring,10,PR,3,1.49381421
2012,PA,Spring,8,PR,2,1.492373752
2012,PA,Spring,9,PR,3,1.492373752
2014,VA,Spring,14,PR,3,1.483928812
2014,VA,Spring,9,PR,1,1.483928812
2012,VA,Spring,1,PR,7,1.48238601
2012,VA,Spring,15,PR,4,1.48238601
2012,MA,Spring,13,PR,1,1.473318583
2012,PA,Spring,4,PR,3,1.473318583
2014,MA,Spring,18,PR,1,1.473318583
2014,VA,Fall,10,PR,3,1.139985249
2012,VA,Spring,13,PR,3,1.471657783
2012,VA,Spring,13,PR,1,1.471657783
2012,VA,Spring,6,PR,1,1.471657783
2012,MA,Fall,39,PR,1,1.463645036
2012,VA,Spring,5,PR,2,1.461271789
2012,MA,Spring,3,PR,3,1.461271789
2012,PA,Spring,14,PR,1,1.461271789
2012,VA,Spring,16,PR,1,1.461271789
2012,PA,Fall,33,PR,2,1.461271789
2012,PA,Fall,39,PR,2,1.461271789
2012,MA,Fall,23,PR,3,1.461271789
2014,MA,Spring,17,PR,2,1.461271789
2014,VA,Spring,2,PR,2,1.461271789
2014,VA,Spring,12,PR,2,1.461271789
2014,PA,Spring,18,PR,1,1.461271789
2014,PA,Spring,13,PR,3,1.461271789
2014,PA,Spring,13,PR,2,1.461271789
2014,MA,Spring,10,PR,1,1.461271789
2014,MA,Spring,12,PR,3,1.461271789
2014,PA,Fall,12,PR,1,1.127938455
2014,VA,Fall,20,PR,1,1.461271789
2012,PA,Spring,19,PR,2,1.460070414
2012,MA,Fall,26,PR,3,1.448784325
2014,VA,Spring,8,PR,1,1.448784325
2014,VA,Spring,19,PR,1,1.448784325
2014,VA,Fall,18,PR,1,1.115450991
2014,VA,Fall,19,PR,3,1.115450991
2014,VA,Fall,13,PR,3,1.115450991
2012,MA,Spring,3,PR,2,1.435117123
2012,PA,Spring,16,PR,1,1.435117123
2012,VA,Fall,37,PR,1,1.435117123
2012,MA,Fall,40,PR,1,1.435117123
2014,VA,Spring,7,PR,1,1.435117123
2014,PA,Fall,11,PR,1,1.10178379
2014,VA,Fall,6,PR,1,1.435117123
2012,MA,Spring,19,PR,1,1.433676665
2012,PA,Spring,3,PR,1,1.420023796
2012,PA,Fall,40,PR,1,1.420023796
2014,VA,Spring,7,PR,2,1.420023796
2014,VA,Spring,17,PR,1,1.420023796
2014,MA,Spring,18,PR,2,1.420023796
2014,MA,Spring,17,PR,2,1.420023796
2014,VA,Fall,11,PR,1,1.086690463
2014,VA,Fall,18,PR,3,1.086690463
2012,MA,Spring,13,PR,3,1.403171672
2012,VA,Spring,6,PR,2,1.403171672
2012,MA,Fall,33,PR,1,1.403171672
2014,PA,Spring,19,PR,2,1.403171672
2014,PA,Spring,10,PR,1,1.403171672
2014,MA,Spring,19,PR,1,1.403171672
2014,MA,Spring,20,PR,1,1.403171672
2014,MA,Spring,6,PR,2,1.403171672
2014,MA,Fall,13,PR,2,1.069838338
2014,PA,Fall,16,PR,3,1.069838338
2012,VA,Spring,8,PR,3,1.401373328
2014,MA,Fall,9,PR,2,1.062506907
2012,VA,Fall,38,PR,1,1.384096115
2012,VA,Spring,18,PR,3,1.383073038
2012,VA,Spring,5,PR,1,1.383073038
2012,MA,Fall,30,PR,3,1.383073038
2014,VA,Spring,14,PR,1,1.383073038
2014,MA,Fall,14,PR,1(2),1.049739704
2012,MA,Spring,5,PR,2,1.360928457
2012,PA,Spring,13,PR,1,1.360928457
2012,PA,Spring,12,PR,1,1.360928457
2012,PA,Fall,35,PR,1,1.360928457
2014,VA,Spring,12,PR,3,1.360928457
2014,VA,Spring,1,PR,1,1.360928457
2014,MA,Spring,15,PR,2,1.360928457
2012,VA,Spring,9,PR,1,1.359727082
2014,MA,Fall,2,PR,1,1.013797562
2012,VA,Spring,7,PR,3,1.334773791
2012,VA,Spring,13,PR,3,1.334773791
2012,MA,Spring,7,PR,3,1.334773791
2012,PA,Fall,37,PR,1,1.334773791
2012,MA,Fall,33,PR,4,1.334773791
2014,MA,Spring,3,PR,2,1.334773791
2014,VA,Spring,17,PR,2,1.334773791
2014,VA,Spring,12,PR,1,1.334773791
2014,VA,Spring,4,PR,3,1.334773791
2014,PA,Spring,12,PR,2,1.334773791
2014,PA,Fall,15,PR,1,1.001440458
2012,VA,Spring,19,PR,2,1.333333333
2014,MA,Fall,9,PR,1,0.981494224
2014,MA,Fall,10,PR,3,0.981494224
2014,PA,Fall,17,PR,1,0.981494224
2014,PA,Fall,13,PR,1,0.981494224
2014,PA,Fall,4,PR,3,0.981494224
2014,PA,Fall,1,PR,1,0.981494224
2012,VA,Fall,23,PR,1,1.302470454
2014,VA,Spring,9,PR,3,1.302470454
2014,VA,Spring,13,PR,2,1.302470454
2014,VA,Spring,20,PR,2,1.302470454
2014,MA,Fall,14,PR,2,0.96913712
2014,PA,Fall,7,PR,1,0.96913712
2014,PA,Fall,21,PR,2,0.96913712
2014,PA,Fall,17,PR,1,0.96913712
2014,VA,Fall,13,PR,2,0.96913712
2014,VA,Fall,4,PR,1,0.96913712
2012,PA,Fall,37,PR,3,1.288367992
2012,MA,Fall,35,PR,1,1.283139805
2012,VA,Spring,18,PR,1,1.260824208
2012,MA,Spring,20,PR,1,1.260824208
2012,VA,Spring,8,PR,2,1.260824208
2012,VA,Spring,1,PR,3,1.260824208
2014,PA,Spring,5,PR,3,1.260824208
2014,PA,Spring,4,PR,1,1.260824208
2014,MA,Spring,12,PR,2,1.260824208
2014,MA,Spring,11,PR,1,1.260824208
2014,VA,Spring,19,PR,2,1.260824208
2014,MA,Fall,1,PR,1,0.927490875
2014,PA,Fall,5,PR,2,0.927490875
2014,PA,Fall,12,PR,3,0.927490875
2012,MA,Spring,12,PR,3,1.259624824
2012,VA,Spring,19,PR,3,1.259624824
2012,VA,Fall,27,PR,2,1.25938375
2012,MA,Fall,29,PR,2,1.245995775
2012,MA,Fall,39,PR,2,1.238667781
2012,PA,Fall,35,PR,1,1.235002653
2014,MA,Fall,14,PR,1,0.881150892
2014,MA,Fall,18,PR,2,0.881150892
2012,VA,Fall,33,PR,1,1.210142625
2012,MA,Spring,1,PR,1,1.202127122
2012,PA,Spring,15,PR,1,1.202127122
2012,MA,Fall,38,PR,2,1.202127122
2014,PA,Spring,1,PR,2,1.202127122
2014,VA,Spring,20,PR,1,1.202127122
2014,VA,Spring,11,PR,2,1.202127122
2014,MA,Spring,1,PR,1,1.202127122
2014,MA,Spring,15,PR,1,1.202127122
2014,MA,Spring,1,PR,3,1.202127122
2014,VA,Spring,12,PR,2,1.202127122
2014,VA,Spring,6,PR,1,1.202127122
2014,PA,Spring,6,PR,3,1.202127122
2014,PA,Fall,16,PR,1,0.868793788
2014,PA,Fall,5,PR,3,0.868793788
2014,VA,Fall,9,PR,2,0.868793788
2014,VA,Fall,8,PR,1,0.868793788
2014,VA,Fall,15,PR,3,0.868793788
2014,VA,Fall,1,PR,3,0.868793788
2014,VA,Fall,7,PR,2,1.202127122
2014,VA,Fall,9,PR,2,1.202127122
2012,MA,Fall,21,PR,2,1.140534642
2014,PA,Fall,4,PR,2,0.78080756
2014,PA,Fall,14,PR,1,0.78080756
2014,PA,Fall,10,PR,3,0.78080756
2012,VA,Spring,5,PR,3,1.10178379
2012,VA,Spring,5,PR,4,1.10178379
2014,PA,Spring,18,PR,2,1.10178379
2014,VA,Spring,9,PR,2,1.10178379
2014,VA,Spring,14,PR,2,1.10178379
2014,VA,Spring,12,PR,3,1.10178379
2014,VA,Spring,15,PR,2,1.10178379
2014,VA,Spring,16,PR,2,1.10178379
2014,PA,Spring,18,PR,3,1.10178379
2014,MA,Spring,9,PR,2,1.10178379
2014,MA,Spring,9,PR,1,1.10178379
2014,VA,Spring,7,PR,1,1.10178379
2014,PA,Fall,2,PR,3,0.768450456
2014,PA,Fall,10,PR,1,0.768450456
2012,VA,Spring,9,PR,3,1.100343332
2012,MA,Fall,40,PR,1,1.100343332
2012,MA,Fall,34,PR,1,1.069838338
2012,MA,Fall,33,PR,1,1.046626362
2012,MA,Fall,21,PR,3,1.042368266
2012,PA,Fall,37,PR,2,1.013797562
2012,VA,Fall,38,PR,2,0.960271197
2012,MA,Fall,27,PR,1,0.87441643
2012,MA,Fall,21,PR,1,0.793403747
2014,PA,Spring,1,PR,3,0
2014,VA,Spring,19,PR,3,0
2014,VA,Spring,3,PR,1,0
2014,VA,Spring,18,PR,1,0
2014,VA,Spring,19,PR,2,0
2014,VA,Spring,13,PR,3,0
2014,VA,Spring,1,PR,2,0
2014,VA,Spring,19,PR,1,0
2014,PA,Spring,14,PR,2,0
2014,PA,Spring,11,PR,1,0
2014,PA,Spring,14,PR,1,0
2014,MA,Spring,5,PR,2,0
2014,MA,Spring,13,PR,1,0
2014,MA,Spring,2,PR,3,0
2014,MA,Spring,6,PR,1,0
2014,MA,Spring,18,PR,3,0
2014,VA,Spring,1,PR,3,0
2014,VA,Spring,12,PR,3,0
2014,VA,Spring,18,PR,2,0
2014,PA,Spring,5,PR,3,0
2014,PA,Spring,7,PR,3,0
2014,PA,Spring,12,PR,1,0
2014,MA,Fall,2,PR,2,0
2014,PA,Fall,2,PR,3,0
2014,PA,Fall,14,PR,3,0
2014,PA,Fall,20,PR,1,0
2014,VA,Fall,15,PR,1,0
2014,VA,Fall,15,PR,2,0
2014,VA,Fall,15,PR,22,0
2014,MA,Fall,9,PR,1,0
2014,MA,Fall,14,PR,1,0
2012,PA,Spring,14,EF,2,0.768450456
2012,MA,Spring,9,EF,1,0.868793788
2012,PA,Spring,9,EF,3,0.868793788
2012,PA,Spring,9,EF,2,0.868793788
2012,PA,Spring,6,EF,1,0.868793788
2012,PA,Spring,16,EF,1,0.868793788
2012,VA,Spring,6,EF,2,0.927490875
2012,VA,Spring,7,EF,1,0.927490875
2012,VA,Spring,9,EF,3,0.927490875
2012,PA,Spring,12,EF,3,0.927490875
2012,PA,Spring,4,EF,1,0.927490875
2012,MA,Spring,20,EF,1,0.96913712
2012,PA,Spring,14,EF,3,0.96913712
2012,PA,Spring,12,EF,1,0.96913712
2012,PA,Spring,20,EF,1,0.96913712
2012,PA,Spring,10,EF,1,0.96913712
2012,VA,Spring,5,EF,2,0.96913712
2012,VA,Spring,11,EF,1,1.001440458
2012,MA,Spring,1,EF,3,1.001440458
2012,VA,Spring,16,EF,1,1.001440458
2012,PA,Spring,16,EF,2,1.027595123
2012,PA,Spring,3,EF,1,1.027595123
2012,VA,Spring,4,EF,1,1.027595123
2012,PA,Spring,9,EF,1,1.027595123
2012,MA,Spring,20,EF,2,1.049739704
2012,VA,Spring,19,EF,2,1.049739704
2012,PA,Spring,2,EF,3,1.049739704
2012,PA,Spring,6,EF,2,1.049739704
2012,PA,Spring,16,EF,1,1.069838338
2012,VA,Spring,6,EF,1,1.069838338
2012,PA,Spring,9,EF,2,1.069838338
2012,VA,Spring,17,EF,2,1.069838338
2012,VA,Spring,1,EF,,1.086690463
2012,MA,Spring,19,EF,2,1.100343332
2012,MA,Spring,7,EF,3,1.100343332
2012,PA,Spring,15,EF,2,1.10178379
2012,PA,Spring,5,EF,2,1.10178379
2012,MA,Spring,15,EF,3,1.10178379
2012,MA,Spring,18,EF,3,1.139985249
2012,VA,Spring,2,EF,3,1.139985249
2012,MA,Spring,19,EF,1,1.160480876
2012,MA,Spring,2,EF,1,1.160480876
2012,MA,Spring,4,EF,1,1.169734174
2012,MA,Spring,16,EF,2,1.169734174
2012,PA,Spring,17,EF,1,1.178431373
2012,PA,Spring,4,EF,1,1.187033795
2012,MA,Spring,7,EF,1,1.194777075
2012,VA,Spring,15,EF,2,1.194777075
2012,MA,Spring,1,EF,3,1.200686664
2012,MA,Spring,5,EF,3b,1.200686664
2012,VA,Spring,17,EF,3,1.200686664
2012,VA,Spring,5,EF,2,1.200686664
2012,VA,Spring,6,EF,2,1.200686664
2012,PA,Spring,6,EF,1,1.222484318
2012,VA,Spring,11,EF,2,1.222484318
2012,PA,Spring,7,EF,1,1.245465501
2012,MA,Spring,10,EF,1,1.259624824
2012,MA,Spring,12,EF,2,1.259624824
2012,VA,Spring,4,EF,3,1.259624824
2012,MA,Spring,8,EF,2,1.278985579
2012,MA,Spring,20,EF,4,1.283139805
2012,MA,Spring,4,EF,1,1.287178137
2012,MA,Spring,1,EF,2,1.287178137
2012,MA,Spring,17,EF,2,1.301210839
2012,MA,Spring,4,EF,1,1.301210839
2012,PA,Spring,6,EF,2,1.301210839
2012,VA,Spring,15,EF,3,1.301210839
2012,VA,Spring,16,EF,2,1.301210839
2012,VA,Spring,20,EF,1,1.301210839
2012,VA,Spring,4,EF,1,1.325755404
2012,MA,Spring,1,EF,2,1.328923911
2012,MA,Spring,5,EF,3,1.333333333
2012,PA,Spring,3,EF,1,1.333333333
2012,VA,Spring,5,EF,1,1.337612408
2012,PA,Spring,20,EF,1,1.360928457
2012,VA,Spring,18,EF,1,1.363301704
2012,VA,Spring,15,EF,1,1.365636671
2012,MA,Spring,1,EF,2,1.382042679
2012,MA,Spring,6,EF,2,1.382042679
2012,PA,Spring,8,EF,2,1.39584024
2012,MA,Spring,16,EF,3,1.401373328
2012,MA,Spring,3,EF,1,1.401373328
2012,VA,Spring,16,EF,2,1.401373328
2012,MA,Spring,17,EF,1,1.406702696
2012,VA,Spring,8,EF,8,1.421605941
2012,MA,Spring,7,EF,2,1.433676665
2012,MA,Spring,10,EF,1,1.436543389
2012,PA,Spring,13,EF,1,1.443471258
2012,VA,Spring,12,EF,2,1.443471258
2012,MA,Spring,20,EF,3,1.447474227
2012,MA,Spring,18,EF,4,1.456405286
2012,PA,Spring,8,EF,1,1.460070414
2012,VA,Spring,2,EF,2,1.460070414
2012,VA,Spring,7,EF,3,1.460070414
2012,MA,Spring,1,EF,3,1.463645036
2012,MA,Spring,3,EF,1,1.471099921
2012,PA,Spring,20,EF,1,1.471657783
2012,VA,Spring,10,EF,2,1.48238601
2012,VA,Spring,5,EF,3,1.48796433
2012,VA,Spring,4,EF,2,1.492373752
2012,PA,Spring,13,EF,2,1.503067507
2012,MA,Spring,14,EF,2,1.510492972
2012,PA,Spring,5,EF,1,1.513443158
2012,MA,Spring,3,EF,3,1.5187675
2012,PA,Spring,10,EF,3,1.5187675
2012,PA,Spring,19,EF,2,1.5187675
2012,VA,Spring,18,EF,1,1.526594532
2012,VA,Spring,20,EF,1,1.538299072
2012,VA,Spring,9,EF,2,1.541083097
2012,MA,Spring,6,EF,2,1.546495496
2012,VA,Spring,13,EF,2,1.549127657
2012,PA,Spring,5,EF,1,1.557673636
2012,PA,Spring,1,EF,3,1.565743114
2012,MA,Spring,20,EF,3,1.569756654
2012,VA,Spring,12,EF,3,1.584272144
2012,MA,Spring,10,EF,2,1.587559521
2012,MA,Spring,5,EF,1,1.588058711
2012,PA,Spring,3,EF,3,1.60673382
2012,MA,Spring,7,EF,1,1.615239339
2012,VA,Spring,16,EF,1,1.623272736
2012,MA,Spring,5,EF,2,1.627128219
2012,PA,Spring,19,EF,1,1.635803787
2012,VA,Spring,6,EF,1,1.637584435
2012,PA,Spring,18,EF,3,1.641426429
2012,VA,Spring,7,EF,2,1.660907796
2012,PA,Spring,7,EF,1,1.672344446
2012,PA,Spring,13,EF,3,1.677807918
2012,PA,Spring,7,EF,2,1.684359481
2012,PA,Spring,10,EF,1,1.688152663
2012,PA,Spring,1,EF,1,1.715376012
2012,PA,Spring,13,EF,1,1.724395423
2012,VA,Spring,14,EF,2,1.725363753
2012,MA,Spring,4,EF,2,1.727281196
2012,MA,Spring,2,EF,1,1.730110566
2012,MA,Spring,6,EF,1,1.731966551
2012,MA,Spring,7,EF,2,1.739161315
2012,VA,Spring,13,EF,1,1.740036029
2012,MA,Spring,13,EF,1,1.743482974
2012,PA,Spring,7,EF,1,1.743482974
2012,MA,Spring,15,EF,2,1.76334487
2012,PA,Spring,8,EF,2,1.769165346
2012,PA,Spring,4,EF,2,1.771289073
2012,MA,Spring,7,EF,1,1.776804591
2012,VA,Spring,19,EF,1,1.783416006
2012,PA,Spring,17,EF,2,1.802746655
2012,VA,Spring,11,EF,2,1.802746655
2012,MA,Spring,15,EF,2,1.822782443
2012,VA,Spring,9,EF,1,1.822782443
2012,VA,Spring,3,EF,1,1.836848337
2012,MA,Spring,7,EF,2,1.8425433
2012,PA,Spring,2,EF,1,1.846776492
2012,VA,Spring,17,EF,2,1.852100834
2012,VA,Spring,20,EF,3,1.858395948
2012,MA,Spring,15,EF,1,1.87441643
2012,PA,Spring,16,EF,2,1.883759338
2012,PA,Spring,12,EF,3,1.888839327
2012,VA,Spring,12,EF,2,1.893747079
2012,PA,Spring,20,EF,2,1.897908983
2012,PA,Spring,13,EF,2,1.90836484
2012,MA,Spring,6,EF,1,1.912662442
2012,VA,Spring,18,EF,2,1.91424171
2012,PA,Spring,4,EF,3,1.922879367
2012,VA,Spring,2,EF,3,1.932422514
2012,VA,Spring,20,EF,2,1.932422514
2012,VA,Spring,3,EF,2,1.935619343
2012,MA,Spring,9,EF,2,1.946911078
2012,PA,Spring,8,EF,1,1.948366013
2012,VA,Spring,6,EF,2,1.954242509
2012,PA,Spring,6,EF,2,1.957385424
2012,VA,Spring,13,EF,2,1.969495006
2012,VA,Spring,7,EF,2,1.971799945
2012,PA,Spring,18,EF,2,1.979506575
2012,MA,Spring,15,EF,1,1.984425446
2012,VA,Spring,5,EF,1,1.996037613
2012,PA,Spring,4,EF,3,1.996037613
2012,PA,Spring,8,EF,1,1.996037613
2012,PA,Spring,2,EF,3,1.997958972
2012,MA,Spring,16,EF,3,2.113333333
2012,MA,Spring,8,EF,1,2.113333333
2012,VA,Spring,3,EF,3,2.113333333
2012,PA,Spring,8,EF,3,2.113333333
2012,MA,Spring,14,EF,2,2.113333333
2012,MA,Spring,1,EF,1,2.113333333
2012,MA,Spring,9,EF,1,2.113333333
2012,PA,Spring,15,EF,1,2.113333333
2012,PA,Spring,9,EF,1,2.113333333
2012,PA,Spring,15,EF,1,2.113333333
2012,MA,Spring,8,EF,1,2.113333333
2012,PA,Spring,3,EF,2,2.113333333
2012,VA,Spring,8,EF,2,2.113333333
2012,PA,Spring,8,EF,3,2.113333333
2012,VA,Spring,38,EF,4,2.113333333
2012,PA,Spring,17,EF,1,2.113333333
2012,MA,Spring,19,EF,3,2.113333333
2012,PA,Spring,9,EF,3,2.113333333
2012,MA,Spring,13,EF,3,2.113333333
2012,MA,Spring,2,EF,2,2.113333333
2012,MA,Spring,13,EF,2,2.113333333
2012,MA,Spring,12,EF,1,2.113333333
2012,VA,Spring,13,EF,3,2.113333333
2012,PA,Spring,12,EF,1,2.113333333
2012,VA,Spring,3,EF,1,2.113333333
2012,MA,Spring,13,EF,2,2.113333333
2012,VA,Spring,17,EF,3,2.113333333
2012,MA,Spring,1,EF,1,2.113333333
2012,VA,Spring,1,EF,1,2.113333333
2012,PA,Spring,8,EF,4,2.113333333
2012,VA,Spring,20,EF,2,2.113333333
2012,PA,Spring,5,EF,1,2.113333333
2012,PA,Spring,9,EF,3,2.113333333
2012,VA,Spring,14,EF,1,2.113333333
2012,MA,Spring,13,EF,1,2.113333333
2012,MA,Spring,8,EF,1,2.113333333
2012,MA,Spring,4,EF,2,2.113333333
2012,PA,Spring,7,EF,2,2.113333333
2012,PA,Spring,1,EF,3,2.113333333
2012,PA,Spring,11,EF,2,2.113333333
2012,MA,Spring,17,EF,1,2.113333333
2012,PA,Spring,1,EF,2,2.113333333
2012,PA,Spring,7,EF,3,2.113333333
2012,VA,Spring,2,EF,,2.113333333
2012,VA,Spring,12,EF,1,2.113333333
2012,VA,Spring,17,EF,1,2.113333333
2012,PA,Spring,18,EF,2,2.113333333
2012,MA,Spring,19,EF,2,2.113333333
2012,PA,Spring,2,EF,2,2.113333333
2012,VA,Spring,18,EF,2,2.113333333
2012,PA,Spring,14,EF,1,2.113333333
2012,VA,Spring,4,EF,2,2.113333333
2012,PA,Spring,18,EF,2,2.113333333
2012,MA,Spring,14,EF,2,2.113333333
2012,VA,Spring,14,EF,1,2.113333333
2012,VA,Spring,14,EF,2,2.113333333
2012,PA,Spring,2,EF,1,2.113333333
2012,PA,Spring,7,EF,2,2.113333333
2012,MA,Spring,14,EF,4,2.113333333
2012,VA,Spring,14,EF,1,2.113333333
2012,MA,Spring,9,EF,2,2.113333333
2012,PA,Spring,16,EF,3,2.113333333
2012,MA,Spring,5,EF,1,2.113333333
2012,PA,Spring,15,EF,3,2.113333333
2012,MA,Spring,12,EF,1,2.113333333
2012,MA,Spring,6,EF,3,2.113333333
2012,MA,Spring,3,EF,2,2.113333333
2012,PA,Spring,14,EF,2,2.113333333
2012,PA,Spring,16,EF,2,2.113333333
2012,VA,Spring,7,EF,3,2.113333333
2012,PA,Spring,10,EF,2,2.113333333
2012,VA,Spring,7,EF,2,2.113333333
2012,PA,Spring,1,EF,1,2.113333333
2012,VA,Spring,7,EF,1,2.113333333
2012,PA,Spring,1,EF,2,2.113333333
2012,PA,Spring,10,EF,2,2.113333333
2012,PA,Spring,11,EF,3,2.113333333
2012,PA,Spring,18,EF,1,2.113333333
2012,MA,Spring,18,EF,1,2.113333333
2012,VA,Spring,15,EF,2,2.113333333
2012,MA,Spring,6,EF,2,2.113333333
2012,VA,Spring,2,EF,1,2.113333333
2012,MA,Spring,12,EF,2,2.113333333
2012,MA,Spring,13,EF,1,2.113333333
2012,PA,Spring,4,EF,3,2.113333333
2012,VA,Spring,20,EF,2,2.113333333
2012,MA,Spring,2,EF,3,2.113333333
2012,PA,Spring,3,EF,1,2.113333333
2012,PA,Spring,11,EF,2,2.113333333
2012,VA,Spring,14,EF,2,2.113333333
2012,MA,Spring,12,EF,3,2.113333333
2012,MA,Spring,18,EF,2,2.113333333
2012,PA,Spring,1,EF,2,2.113333333
2012,MA,Spring,12,EF,4,2.113333333
2012,MA,Spring,19,EF,1,2.113333333
2012,VA,Spring,6,EF,3,2.113333333
2012,MA,Spring,20,EF,2,2.113333333
2012,MA,Spring,14,EF,1,2.113333333
2012,VA,Spring,5,EF,2,2.113333333
2012,PA,Spring,1,EF,1,2.113333333
2012,PA,Spring,20,EF,3,2.113333333
2012,MA,Spring,1,EF,1,2.113333333
2012,MA,Spring,5,EF,2,2.113333333
2012,PA,Spring,19,EF,2,2.113333333
2012,VA,Spring,8,EF,1,2.113333333
2012,PA,Spring,3,EF,3,2.113333333
2012,PA,Spring,18,EF,1,2.113333333
2012,MA,Spring,2,EF,3,2.113333333
2012,PA,Spring,3,EF,2,2.113333333
2012,MA,Spring,11,EF,1,2.113333333
2012,MA,Spring,5,EF,1,2.113333333
2012,PA,Spring,18,EF,1,2.113333333
2012,MA,Spring,18,EF,1,2.113333333
2012,PA,Spring,19,EF,1,2.113333333
2012,MA,Spring,8,EF,2,2.113333333
2012,PA,Spring,2,EF,2,2.113333333
2012,PA,Spring,18,EF,3,2.113333333
2012,VA,Spring,12,EF,1,2.113333333
2012,VA,Spring,13,EF,2,2.113333333
2012,MA,Spring,14,EF,3,2.113333333
2012,MA,Spring,7,EF,3,2.113333333
2012,VA,Spring,15,EF,3,2.113333333
2012,VA,Spring,16,EF,2,2.113333333
2012,VA,Spring,16,EF,1,2.113333333
2012,MA,Spring,2,EF,2,2.113333333
2012,VA,Spring,2,EF,2,2.113333333
2012,MA,Spring,19,EF,2,2.113333333
2012,MA,Spring,12,EF,1,2.113333333
2012,VA,Spring,8,EF,2,2.113333333
2012,MA,Spring,5,EF,2,2.113333333
2012,PA,Spring,11,EF,2,2.113333333
2012,VA,Spring,9,EF,2,2.113333333
2012,VA,Spring,8,EF,1,2.113333333
2012,MA,Spring,2,EF,1,2.113333333
2012,PA,Spring,14,EF,1,2.113333333
2012,VA,Spring,15,EF,1,2.113333333
2012,VA,Spring,14,EF,3,2.113333333
2012,PA,Spring,13,EF,1,2.113333333
2012,VA,Spring,4,EF,1,2.113333333
2012,PA,Spring,13,EF,2,2.113333333
2012,MA,Spring,14,EF,3,2.113333333
2012,PA,Spring,16,EF,1,2.113333333
2012,PA,Spring,14,EF,2,2.113333333
2012,MA,Spring,10,EF,3,2.113333333
2012,VA,Spring,15,EF,2,2.113333333
2012,MA,Spring,8,EF,3,2.113333333
2012,PA,Spring,9,EF,2,2.113333333
2012,VA,Fall,29,EF,2,1.49381421
2012,VA,Fall,25,EF,2,1.503067507
2012,PA,Fall,22,EF,1,1.503067507
2012,VA,Fall,40,EF,2,1.520367128
2012,VA,Fall,40,EF,1,1.528110408
2012,MA,Fall,30,EF,2,1.528110408
2012,PA,Fall,39,EF,2,1.535460455
2012,MA,Fall,34,EF,1,1.535460455
2012,PA,Fall,29,EF,1,1.535460455
2012,VA,Fall,27,EF,1,1.542455286
2012,PA,Fall,38,EF,2,1.555817651
2012,MA,Fall,38,EF,1,1.555817651
2012,MA,Fall,39,EF,1,1.555817651
2012,MA,Fall,31,EF,1,1.555817651
2012,MA,Fall,30,EF,1,1.561913913
2012,MA,Fall,21,EF,1,1.561913913
2012,VA,Fall,35,EF,1,1.561913913
2012,VA,Fall,26,EF,1,1.561913913
2012,VA,Fall,31,EF,2,1.567763793
2012,VA,Fall,28,EF,2,1.573386434
2012,MA,Fall,40,EF,2,1.573386434
2012,MA,Fall,40,EF,1,1.573386434
2012,MA,Fall,33,EF,1,1.578798834
2012,PA,Fall,35,EF,3,1.578798834
2012,MA,Fall,28,EF,4,1.589299205
2012,MA,Fall,32,EF,1,1.598858111
2012,PA,Fall,38,EF,1,1.598858111
2012,MA,Fall,21,EF,2,1.608041945
2012,MA,Fall,39,EF,1,1.608041945
2012,MA,Fall,36,EF,1,1.612318912
2012,MA,Fall,26,EF,3,1.612318912
2012,MA,Fall,38,EF,2,1.612318912
2012,MA,Fall,25,EF,4,1.62051147
2012,VA,Fall,38,EF,1,1.632175406
2012,MA,Fall,25,EF,1,1.632175406
2012,MA,Fall,39,EF,2,1.632175406
2012,MA,Fall,21,EF,3,1.64963392
2012,PA,Fall,35,EF,1,1.652854628
2012,MA,Fall,32,EF,2,1.656005238
2012,MA,Fall,25,EF,3,1.656005238
2012,VA,Fall,39,EF,1,1.665211732
2012,PA,Fall,25,EF,1,1.670945742
2012,MA,Fall,27,EF,1,2.113333333
2012,MA,Fall,33,EF,3,2.113333333
2012,MA,Fall,26,EF,2,2.113333333
2012,MA,Fall,35,EF,2,2.113333333
2012,MA,Fall,39,EF,2,2.113333333
2012,PA,Fall,37,EF,3,2.113333333
2012,VA,Fall,39,EF,1,2.113333333
2012,VA,Fall,25,EF,3,2.113333333
2012,PA,Fall,40,EF,1,2.113333333
2012,MA,Fall,21,EF,3,2.113333333
2012,PA,Fall,27,EF,1,2.113333333
2012,VA,Fall,31,EF,1,2.113333333
2012,VA,Fall,28,EF,3,2.113333333
2012,MA,Fall,27,EF,1,2.113333333
2012,MA,Fall,21,EF,1,2.113333333
2012,MA,Fall,23,EF,1,2.113333333
2012,VA,Fall,24,EF,1,2.113333333
2012,MA,Fall,37,EF,2,2.113333333
2012,VA,Fall,30,EF,1,2.113333333
2012,MA,Fall,25,EF,1,2.113333333
2012,MA,Fall,30,EF,1,2.113333333
2012,VA,Fall,39,EF,2,2.113333333
2012,VA,Fall,27,EF,1,2.113333333
2012,VA,Fall,40,EF,1,2.113333333
2012,VA,Fall,23,EF,1,2.113333333
2012,MA,Fall,29,EF,2,2.113333333
2012,MA,Fall,23,EF,2,2.113333333
2012,MA,Fall,26,EF,1,2.113333333
2012,MA,Fall,32,EF,2,2.113333333
2012,PA,Fall,35,EF,1,2.113333333
2012,VA,Fall,40,EF,2,2.113333333
2012,VA,Fall,36,EF,1,2.113333333
2012,MA,Fall,38,EF,4,2.113333333
2012,PA,Fall,26,EF,1,2.113333333
2012,VA,Fall,28,EF,1,2.113333333
2012,PA,Fall,33,EF,3,2.113333333
2012,MA,Fall,27,EF,3,2.113333333
2012,MA,Fall,24,EF,1,2.113333333
2012,MA,Fall,29,EF,3,2.113333333
2012,PA,Fall,26,EF,2,2.113333333
2012,MA,Fall,29,EF,1,2.113333333
2012,PA,Fall,37,EF,1,2.113333333
2012,PA,Fall,31,EF,1,2.113333333
2012,PA,Fall,21,EF,1,2.113333333
2012,MA,Fall,33,EF,2,2.113333333
2012,VA,Fall,25,EF,1,2.113333333
2012,PA,Fall,37,EF,3,2.113333333
2012,MA,Fall,22,EF,2,2.113333333
2012,MA,Fall,32,EF,1,2.113333333
2012,MA,Fall,22,EF,1,2.113333333
2012,MA,Fall,27,EF,4,2.113333333
2012,MA,Fall,27,EF,2,2.113333333
2012,MA,Fall,29,EF,1,2.113333333
2012,MA,Fall,37,EF,3,2.113333333
2012,MA,Fall,35,EF,1,2.113333333
2012,MA,Fall,32,EF,5,2.113333333
2012,PA,Fall,33,EF,1,2.113333333
2012,MA,Fall,29,EF,2,2.113333333
2012,PA,Fall,40,EF,2,2.113333333
2012,MA,Fall,33,EF,1,2.113333333
2012,PA,Fall,23,EF,2,2.113333333
2012,MA,Fall,34,EF,2,2.113333333
2012,PA,Fall,37,EF,2,2.113333333
2012,MA,Fall,28,EF,1,2.113333333
2012,PA,Fall,33,EF,2,2.113333333
2012,MA,Fall,30,EF,2,2.113333333
2012,VA,Fall,32,EF,3,2.113333333
2012,PA,Fall,35,EF,2,2.113333333
2012,MA,Fall,23,EF,2,2.113333333
2012,VA,Fall,27,EF,2,2.113333333
2012,PA,Fall,37,EF,2,2.113333333
2012,MA,Fall,37,EF,1,2.113333333
2012,VA,Fall,40,EF,3,2.113333333
2012,PA,Fall,24,EF,1,2.113333333
2012,MA,Fall,24,EF,3,2.113333333
2012,PA,Fall,37,EF,1,2.113333333
2012,MA,Fall,32,EF,4,2.113333333
2012,MA,Fall,25,EF,2,2.113333333
2012,MA,Fall,30,EF,3,2.113333333
2012,MA,Fall,38,EF,3,2.113333333
2012,MA,Fall,34,EF,1,2.113333333
2012,MA,Fall,31,EF,2,2.113333333
2012,MA,Fall,24,EF,2,2.113333333
2014,PA,Spring,11,EF,1,1.194777075
2014,PA,Spring,6,EF,2,1.194777075
2014,PA,Spring,4,EF,1,1.528110408
2014,PA,Spring,17,EF,2,1.209121952
2014,VA,Spring,12,EF,3,1.209121952
2014,VA,Spring,12,EF,2,1.222484318
2014,VA,Spring,2,EF,2,1.22858058
2014,VA,Spring,9,EF,2,1.561913913
2014,VA,Spring,3,EF,3,1.567763793
2014,MA,Spring,17,EF,2,1.240053101
2014,MA,Spring,1,EF,2,1.25093881
2014,MA,Spring,18,EF,2,1.25093881
2014,MA,Spring,3,EF,2,1.25093881
2014,MA,Spring,9,EF,1,1.584272144
2014,MA,Spring,3,EF,1,1.584272144
2014,MA,Spring,7,EF,1,1.255965872
2014,VA,Spring,12,EF,1,1.255965872
2014,VA,Spring,18,EF,2,1.265524778
2014,VA,Spring,7,EF,2,1.26827356
2014,VA,Spring,19,EF,3,1.270077506
2014,PA,Spring,20,EF,1,1.603410839
2014,PA,Spring,1,EF,2,1.273181312
2014,MA,Spring,16,EF,1,1.274708611
2014,MA,Spring,14,EF,2,1.608041945
2014,MA,Spring,2,EF,1,1.277928125
2014,MA,Spring,2,EF,2,1.286978874
2014,MA,Spring,2,EF,3,1.287178137
2014,MA,Spring,18,EF,1,1.298842072
2014,MA,Spring,4,EF,1,1.311162429
2014,PA,Spring,4,EF,3,1.322671905
2014,PA,Spring,2,EF,2,1.656005238
2014,VA,Spring,18,EF,3,1.325755404
2014,MA,Spring,13,EF,1,1.325755404
2014,MA,Spring,2,EF,2,1.325755404
2014,MA,Spring,13,EF,2,1.343127926
2014,MA,Spring,14,EF,3,1.345808833
2014,MA,Spring,14,EF,2,1.681774326
2014,PA,Spring,5,EF,3,1.681774326
2014,MA,Spring,11,EF,1,1.684359481
2014,PA,Spring,10,EF,2,1.352301617
2014,PA,Spring,2,EF,2,1.356061954
2014,PA,Spring,10,EF,1,1.358515654
2014,VA,Spring,8,EF,3,1.360928457
2014,VA,Spring,12,EF,1,1.363301704
2014,VA,Spring,19,EF,3,1.701267907
2014,MA,Spring,2,EF,1,1.372423765
2014,VA,Spring,20,EF,1,1.707950547
2014,PA,Spring,12,EF,1,1.378906856
2014,PA,Spring,14,EF,2,1.714338267
2014,PA,Spring,9,EF,2,1.383073038
2014,VA,Spring,19,EF,2,1.385112012
2014,VA,Spring,20,EF,2,1.39203042
2014,MA,Spring,1,EF,1,1.393947863
2014,PA,Spring,7,EF,2,1.39584024
2014,VA,Spring,14,EF,1,1.399552362
2014,VA,Spring,2,EF,3,1.399552362
2014,VA,Spring,5,EF,2,1.403171672
2014,PA,Spring,15,EF,1,1.416806667
2014,PA,Spring,10,EF,1,1.423947202
2014,PA,Spring,4,EF,2,1.427767076
2014,PA,Spring,14,EF,1,1.76110041
2014,VA,Spring,13,EF,1,1.433676665
2014,VA,Spring,9,EF,1,1.435117123
2014,VA,Spring,10,EF,1,1.437251287
2014,VA,Spring,17,EF,1,1.447474227
2014,PA,Spring,9,EF,3,1.447474227
2014,PA,Spring,19,EF,1,1.457022621
2014,MA,Spring,3,EF,3,1.793403747
2014,PA,Spring,7,EF,3,1.464817227
2014,MA,Spring,10,EF,2,1.46770684
2014,MA,Spring,7,EF,2,1.474415291
2014,PA,Spring,12,EF,3,1.808837087
2014,MA,Spring,7,EF,1,1.476584093
2014,VA,Spring,4,EF,1,1.812054216
2014,PA,Spring,16,EF,2,1.479777565
2014,VA,Spring,13,EF,2,1.817262145
2014,VA,Spring,13,EF,3,1.821297663
2014,MA,Spring,10,EF,1,1.489940672
2014,PA,Spring,5,EF,2,1.491890396
2014,PA,Spring,20,EF,2,1.827147543
2014,VA,Spring,4,EF,3,1.495712792
2014,VA,Spring,18,EF,3,1.497120565
2014,PA,Spring,1,EF,1,1.502168344
2014,PA,Spring,13,EF,1,1.504405867
2014,PA,Spring,18,EF,2,1.507046028
2014,PA,Spring,8,EF,3,1.512606365
2014,VA,Spring,17,EF,1,1.520367128
2014,VA,Spring,11,EF,2,1.523514313
2014,PA,Spring,8,EF,1,1.859927866
2014,VA,Spring,3,EF,1,1.531832074
2014,PA,Spring,1,EF,3,1.877822819
2014,VA,Spring,18,EF,1,1.87982883
2014,MA,Spring,15,EF,2,1.885046145
2014,VA,Spring,13,EF,2,1.560413746
2014,PA,Spring,5,EF,2,1.899076448
2014,MA,Spring,18,EF,3,1.568905927
2014,PA,Spring,8,EF,2,1.579064214
2014,VA,Spring,20,EF,3,1.580646359
2014,MA,Spring,1,EF,3,1.580646359
2014,VA,Spring,8,EF,1,1.584272144
2014,PA,Spring,9,EF,1,1.917605477
2014,VA,Spring,2,EF,1,1.594157541
2014,MA,Spring,9,EF,2,1.59439623
2014,PA,Spring,1,EF,1,1.596526904
2014,VA,Spring,19,EF,2,1.600467903
2014,PA,Spring,6,EF,3,1.600696419
2014,VA,Spring,11,EF,1,1.606514645
2014,MA,Spring,16,EF,2,1.612318912
2014,PA,Spring,21,EF,3,1.617899404
2014,VA,Spring,6,EF,2,1.952242963
2014,PA,Spring,12,EF,1,1.621701325
2014,MA,Spring,19,EF,1,1.623662938
2014,PA,Spring,13,EF,2,1.623662938
2014,MA,Spring,15,EF,2,1.624633866
2014,MA,Spring,16,EF,1,1.625790449
2014,PA,Spring,13,EF,3,1.959123782
2014,PA,Spring,9,EF,3,1.628076257
2014,PA,Spring,21,EF,2,1.62845374
2014,MA,Spring,7,EF,2,1.96913712
2014,PA,Spring,21,EF,2,1.971447719
2014,PA,Spring,16,EF,2,1.641426429
2014,PA,Spring,21,EF,1,1.976131951
2014,MA,Spring,9,EF,3,1.645169089
2014,MA,Spring,12,EF,1,1.648160891
2014,PA,Spring,14,EF,3,1.982967254
2014,PA,Spring,12,EF,3,1.657555197
2014,VA,Spring,3,EF,1,1.660606202
2014,PA,Spring,1,EF,3,0.232990001
2014,MA,Spring,13,EF,2,0.232990001
2014,MA,Spring,17,EF,3,0.232990001
2014,PA,Spring,8,EF,1,0.232990001
2014,VA,Spring,11,EF,2,0.232990001
2014,PA,Spring,6,EF,2,0.232990001
2014,PA,Spring,4,EF,1,0.232990001
2014,PA,Spring,12,EF,3,0.232990001
2014,VA,Spring,4,EF,2,0.232990001
2014,MA,Spring,12,EF,3,0.232990001
2014,VA,Spring,8,EF,2,0.232990001
2014,MA,Spring,19,EF,1,0.232990001
2014,PA,Spring,1,EF,2,0.232990001
2014,VA,Spring,1,EF,1,0.232990001
2014,MA,Spring,13,EF,3,0.232990001
2014,VA,Spring,9,EF,3,0.232990001
2014,MA,Spring,8,EF,1,0.232990001
2014,VA,Spring,6,EF,1,0.232990001
2014,MA,Spring,10,EF,1,0.232990001
2014,MA,Spring,8,EF,1,0.232990001
2014,VA,Spring,18,EF,2,0.232990001
2014,MA,Spring,17,EF,1,0.232990001
2014,VA,Spring,8,EF,1,0.232990001
2014,MA,Spring,20,EF,1,2.113333333
2014,VA,Spring,5,EF,1,2.113333333
2014,PA,Spring,21,EF,1,2.113333333
2014,MA,Spring,11,EF,2,2.113333333
2014,VA,Spring,20,EF,3,2.113333333
2014,PA,Spring,10,EF,3,2.113333333
2014,VA,Spring,20,EF,1,2.113333333
2014,MA,Spring,15,EF,3,2.113333333
2014,MA,Spring,19,EF,2,2.113333333
2014,VA,Spring,16,EF,2,2.113333333
2014,MA,Spring,20,EF,1,2.113333333
2014,VA,Spring,4,EF,3,2.113333333
2014,MA,Spring,11,EF,1,2.113333333
2014,PA,Spring,16,EF,3,2.113333333
2014,PA,Spring,18,EF,2,2.113333333
2014,MA,Spring,11,EF,2,2.113333333
2014,MA,Spring,13,EF,3,2.113333333
2014,MA,Spring,18,EF,1,2.113333333
2014,MA,Spring,5,EF,1,2.113333333
2014,PA,Spring,16,EF,1,2.113333333
2014,PA,Spring,17,EF,1,2.113333333
2014,VA,Spring,8,EF,2,2.113333333
2014,PA,Spring,6,EF,3,2.113333333
2014,PA,Spring,19,EF,3,2.113333333
2014,VA,Spring,17,EF,2,2.113333333
2014,MA,Spring,5,EF,1,2.113333333
2014,MA,Spring,13,EF,1,2.113333333
2014,MA,Spring,5,EF,2,2.113333333
2014,PA,Spring,19,EF,1,2.113333333
2014,MA,Spring,18,EF,3,2.113333333
2014,VA,Spring,5,EF,1,2.113333333
2014,MA,Spring,15,EF,1,2.113333333
2014,MA,Spring,6,EF,1,2.113333333
2014,PA,Spring,20,EF,1,2.113333333
2014,MA,Spring,7,EF,3,2.113333333
2014,VA,Spring,10,EF,1,2.113333333
2014,VA,Spring,4,EF,2,2.113333333
2014,VA,Spring,1,EF,2,2.113333333
2014,VA,Spring,7,EF,2,2.113333333
2014,PA,Spring,11,EF,1,2.113333333
2014,PA,Spring,2,EF,3,2.113333333
2014,VA,Spring,9,EF,1,2.113333333
2014,MA,Spring,3,EF,1,2.113333333
2014,MA,Spring,17,EF,2,2.113333333
2014,PA,Spring,15,EF,2,2.113333333
2014,PA,Spring,19,EF,2,2.113333333
2014,VA,Spring,4,EF,1,2.113333333
2014,VA,Spring,5,EF,3,2.113333333
2014,PA,Spring,12,EF,2,2.113333333
2014,VA,Spring,19,EF,1,2.113333333
2014,VA,Spring,1,EF,2,2.113333333
2014,MA,Spring,19,EF,1,2.113333333
2014,PA,Spring,5,EF,1,2.113333333
2014,PA,Spring,9,EF,1,2.113333333
2014,MA,Spring,17,EF,1,2.113333333
2014,PA,Spring,15,EF,1,2.113333333
2014,VA,Spring,15,EF,1,2.113333333
2014,PA,Spring,12,EF,2,2.113333333
2014,MA,Spring,1,EF,1,2.113333333
2014,VA,Spring,14,EF,2,2.113333333
2014,PA,Spring,16,EF,1,2.113333333
2014,VA,Spring,7,EF,1,2.113333333
2014,MA,Spring,8,EF,2,2.113333333
2014,MA,Spring,5,EF,2,2.113333333
2014,MA,Spring,8,EF,2,2.113333333
2014,PA,Spring,12,EF,2,2.113333333
2014,MA,Spring,14,EF,2,2.113333333
2014,MA,Spring,11,EF,3,2.113333333
2014,PA,Spring,10,EF,4,2.113333333
2014,PA,Spring,5,EF,3,2.113333333
2014,PA,Spring,4,EF,3,2.113333333
2014,VA,Spring,2,EF,3,2.113333333
2014,VA,Spring,10,EF,2,2.113333333
2014,PA,Spring,13,EF,1,2.113333333
2014,PA,Spring,17,EF,1,2.113333333
2014,VA,Spring,14,EF,2,2.113333333
2014,PA,Spring,14,EF,1,2.113333333
2014,VA,Spring,16,EF,1,2.113333333
2014,VA,Spring,14,EF,3,2.113333333
2014,VA,Spring,19,EF,1,2.113333333
2014,VA,Spring,19,EF,1,2.113333333
2014,PA,Spring,7,EF,1,2.113333333
2014,PA,Spring,4,EF,2,2.113333333
2014,PA,Spring,7,EF,2,2.113333333
2014,PA,Spring,7,EF,1,2.113333333
2014,PA,Spring,1,EF,2,2.113333333
2014,PA,Spring,2,EF,1,2.113333333
2014,VA,Spring,1,EF,1,2.113333333
2014,VA,Spring,5,EF,2,2.113333333
2014,MA,Spring,3,EF,2,2.113333333
2014,VA,Spring,18,EF,1,2.113333333
2014,MA,Spring,18,EF,2,2.113333333
2014,MA,Spring,14,EF,1,2.113333333
2014,VA,Spring,2,EF,2,2.113333333
2014,VA,Spring,9,EF,2,2.113333333
2014,PA,Spring,17,EF,2,2.113333333
2014,PA,Spring,18,EF,1,2.113333333
2014,MA,Spring,6,EF,2,2.113333333
2014,VA,Spring,20,EF,2,2.113333333
2014,VA,Spring,1,EF,3,2.113333333
2014,MA,Spring,11,EF,3,2.113333333
2014,PA,Spring,9,EF,2,2.113333333
2014,VA,Spring,11,EF,1,2.113333333
2014,PA,Spring,18,EF,3,2.113333333
2014,MA,Spring,20,EF,2,2.113333333
2014,MA,Spring,15,EF,1,2.113333333
2014,MA,Spring,6,EF,1,2.113333333
2014,PA,Spring,20,EF,3,2.113333333
2014,PA,Spring,6,EF,1,2.113333333
2014,MA,Spring,5,EF,3,2.113333333
2014,VA,Spring,15,EF,2,2.113333333
2014,VA,Spring,6,EF,1,2.113333333
2014,VA,Spring,2,EF,1,2.113333333
2014,PA,Spring,15,EF,2,2.113333333
2014,VA,Spring,10,EF,3,2.113333333
2014,MA,Spring,4,EF,3,2.113333333
2014,PA,Spring,18,EF,3,2.113333333
2014,VA,Spring,17,EF,2,2.113333333
2014,MA,Spring,6,EF,2,2.113333333
2014,PA,Spring,18,EF,1,2.113333333
2014,PA,Spring,6,EF,1,2.113333333
2014,VA,Spring,10,EF,2,2.113333333
2014,MA,Spring,14,EF,3,2.113333333
2014,PA,Spring,13,EF,2,2.113333333
2014,MA,Spring,2,EF,2,2.113333333
2014,VA,Spring,12,EF,2,2.113333333
2014,MA,Fall,4,EF,3,0
2014,VA,Fall,13,EF,3,0
2014,VA,Fall,12,EF,1,0
2014,PA,Fall,14,EF,2,0
2014,PA,Fall,13,EF,1,0
2014,PA,Fall,5,EF,1,0
2014,PA,Fall,16,EF,1,0
2014,VA,Fall,18,EF,1,0
2014,VA,Fall,3,EF,1,0
2014,MA,Fall,14,EF,2,0.768450456
2014,PA,Fall,1,EF,1,0.78080756
2014,MA,Fall,5,EF,1,0.868793788
2014,MA,Fall,13,EF,1,0.868793788
2014,VA,Fall,17,EF,1,0.868793788
2014,MA,Fall,14,EF,1,0.96913712
2014,VA,Fall,9,EF,1,0.96913712
2014,PA,Fall,8,EF,3,0.981494224
2014,MA,Fall,15,EF,1,1.001440458
2014,PA,Fall,9,EF,1,1.013797562
2014,VA,Fall,5,EF,2,1.049739704
2014,MA,Fall,8,EF,2,1.062506907
2014,MA,Fall,11,EF,1,1.086690463
2014,MA,Fall,10,EF,2,1.10178379
2014,VA,Fall,15,EF,2,1.114140894
2014,PA,Fall,12,EF,1,1.115450991
2014,VA,Fall,12,EF,3,1.152122011
2014,PA,Fall,17,EF,2,1.162850239
2014,PA,Fall,5,EF,3,1.169734174
2014,VA,Fall,10,EF,1,1.169734174
2014,MA,Fall,3,EF,1,1.17283798
2014,VA,Fall,1,EF,3,1.17283798
2014,MA,Fall,10,EF,3,1.215794323
2014,PA,Fall,2,EF,1,1.255965872
2014,MA,Fall,12,EF,1,1.260824208
2014,PA,Fall,16,EF,3,1.263193571
2014,VA,Fall,4,EF,3,1.287178137
2014,VA,Fall,7,EF,1,1.291106867
2014,MA,Fall,6,EF,2,1.376777923
2014,VA,Fall,5,EF,3,1.381004933
2014,MA,Fall,2,EF,3,1.411842816
2014,PA,Fall,12,EF,3,1.435117123
2014,VA,Fall,1,EF,1,1.438656782
2014,VA,Fall,10,EF,1,1.448784325
2014,PA,Fall,17,EF,1,1.479777565
2014,VA,Fall,4,EF,3,1.479777565
2014,PA,Fall,2,EF,3,1.481868068
2014,PA,Fall,5,EF,2,1.491890396
2014,VA,Fall,6,EF,3,1.527354454
2014,VA,Fall,17,EF,1,1.528110408
2014,PA,Fall,19,EF,2,1.529236988
2014,VA,Fall,15,EF,1,1.535460455
2014,VA,Fall,2,EF,2,1.542455286
2014,VA,Fall,10,EF,3,1.571163514
2014,PA,Fall,11,EF,1,1.575575736
2014,VA,Fall,9,EF,2,1.594157541
2014,MA,Fall,7,EF,1,1.597230216
2014,VA,Fall,19,EF,1,1.616473138
2014,VA,Fall,9,EF,1,1.62051147
2014,VA,Fall,13,EF,3,1.651735513
2014,VA,Fall,2,EF,1,1.691848987
2014,PA,Fall,4,EF,2,1.705757099
2014,VA,Fall,19,EF,3,1.707950547
2014,VA,Fall,17,EF,2,1.712240189
2014,VA,Fall,12,EF,3,1.731966551
2014,MA,Fall,5,EF,3,1.743482974
2014,MA,Fall,1,EF,2,1.743482974
2014,VA,Fall,9,EF,3,1.74767935
2014,VA,Fall,6,EF,2,1.74767935
2014,VA,Fall,12,EF,1,1.751757502
2014,PA,Fall,7,EF,1,1.76110041
2014,PA,Fall,14,EF,3,1.762600577
2014,PA,Fall,4,EF,3,1.775445287
2014,MA,Fall,20,EF,2,1.781464091
2014,VA,Fall,2,EF,1,1.789738619
2014,PA,Fall,13,EF,2,1.796978369
2014,PA,Fall,19,EF,1,1.805546836
2014,PA,Fall,16,EF,2,1.813110898
2014,VA,Fall,2,EF,3,1.815201401
2014,PA,Fall,1,EF,2,1.823274005
2014,MA,Fall,6,EF,3,1.835501677
2014,PA,Fall,6,EF,1,1.854888688
2014,PA,Fall,20,EF,3,1.861820243
2014,PA,Fall,4,EF,1,1.861820243
2014,PA,Fall,3,EF,2,1.862570322
2014,PA,Fall,10,EF,1,1.864797517
2014,MA,Fall,18,EF,1,1.869151674
2014,VA,Fall,16,EF,1,1.87441643
2014,VA,Fall,6,EF,3,1.896732027
2014,PA,Fall,20,EF,2,1.906719768
2014,VA,Fall,12,EF,2,1.951435347
2014,VA,Fall,18,EF,1,1.969673618
2014,VA,Fall,3,EF,3,1.97038587
2014,MA,Fall,6,EF,2,1.971094634
2014,PA,Fall,11,EF,1,1.975275858
2014,VA,Fall,11,EF,1,1.976643187
2014,MA,Fall,1,EF,1,1.987140365
2014,VA,Fall,14,EF,3,1.995888755
2014,VA,Fall,2,EF,3,2.113333333
2014,VA,Fall,5,EF,2,2.113333333
2014,MA,Fall,2,EF,1,2.113333333
2014,VA,Fall,14,EF,3,2.113333333
2014,MA,Fall,5,EF,2,2.113333333
2014,VA,Fall,18,EF,3,2.113333333
2014,MA,Fall,16,EF,3,2.113333333
2014,VA,Fall,16,EF,2,2.113333333
2014,PA,Fall,8,EF,1,2.113333333
2014,VA,Fall,20,EF,2,2.113333333
2014,VA,Fall,7,EF,2,2.113333333
2014,MA,Fall,17,EF,2,2.113333333
2014,MA,Fall,15,EF,1,2.113333333
2014,VA,Fall,11,EF,3,2.113333333
2014,VA,Fall,13,EF,1,2.113333333
2014,VA,Fall,14,EF,2,2.113333333
2014,PA,Fall,6,EF,2,2.113333333
2014,MA,Fall,7,EF,1,2.113333333
2014,VA,Fall,1,EF,2,2.113333333
2014,VA,Fall,9,EF,2,2.113333333
2014,VA,Fall,6,EF,2,2.113333333
2014,MA,Fall,3,EF,2,2.113333333
2014,PA,Fall,3,EF,1,2.113333333
2014,MA,Fall,13,EF,3,2.113333333
2014,VA,Fall,4,EF,1,2.113333333
2014,MA,Fall,2,EF,2,2.113333333
2014,PA,Fall,21,EF,2,2.113333333
2014,MA,Fall,13,EF,1,2.113333333
2014,VA,Fall,10,EF,2,2.113333333
2014,VA,Fall,18,EF,2,2.113333333
2014,MA,Fall,8,EF,2,2.113333333
2014,VA,Fall,8,EF,2,2.113333333
2014,VA,Fall,6,EF,1,2.113333333
2014,MA,Fall,12,EF,3,2.113333333
2014,MA,Fall,10,EF,1,2.113333333
2014,VA,Fall,6,EF,1,2.113333333
2014,PA,Fall,12,EF,1,2.113333333
2014,VA,Fall,13,EF,2,2.113333333
2014,PA,Fall,5,EF,1,2.113333333
2014,MA,Fall,4,EF,2,2.113333333
2014,VA,Fall,20,EF,1,2.113333333
2014,PA,Fall,21,EF,1,2.113333333
2014,PA,Fall,20,EF,1,2.113333333
2014,PA,Fall,10,EF,1,2.113333333
2014,VA,Fall,16,EF,3,2.113333333
2014,PA,Fall,2,EF,2,2.113333333
2014,MA,Fall,9,EF,1,2.113333333
2014,VA,Fall,11,EF,3,2.113333333
2014,VA,Fall,7,EF,2,2.113333333
2014,VA,Fall,2,EF,2,2.113333333
2014,VA,Fall,3,EF,2,2.113333333
2014,PA,Fall,15,EF,1,2.113333333
2014,PA,Fall,14,EF,1,2.113333333
2014,MA,Fall,4,EF,1,2.113333333
2014,PA,Fall,7,EF,2,2.113333333
2014,PA,Fall,13,EF,1,2.113333333
2014,PA,Fall,1,EF,3,2.113333333
2014,PA,Fall,16,EF,1,2.113333333
2014,VA,Fall,16,EF,1,2.113333333
2014,MA,Fall,11,EF,1,2.113333333
2014,VA,Fall,7,EF,1,2.113333333
2014,VA,Fall,7,EF,3,2.113333333
2014,MA,Fall,18,EF,1,2.113333333
2014,PA,Fall,16,EF,2,2.113333333
2014,MA,Fall,5,EF,1,2.113333333
2014,MA,Fall,1,EF,3,2.113333333
2014,VA,Fall,5,EF,1,2.113333333
2014,PA,Fall,5,EF,3,2.113333333
2014,VA,Fall,11,EF,1,2.113333333
2014,MA,Fall,18,EF,2,2.113333333
2014,VA,Fall,15,EF,2(2),2.113333333
2014,MA,Fall,8,EF,1,2.113333333
2014,PA,Fall,21,EF,1,2.113333333
2014,VA,Fall,7,EF,3,2.113333333
2014,MA,Fall,20,EF,1,2.113333333
2014,VA,Fall,8,EF,1,2.113333333
2014,MA,Fall,16,EF,1,2.113333333
2014,PA,Fall,17,EF,3,2.113333333
2014,MA,Fall,10,EF,1,2.113333333
2014,PA,Fall,11,EF,3,2.113333333
2014,VA,Fall,5,EF,3,2.113333333
2014,VA,Fall,11,EF,2,2.113333333
2014,VA,Fall,15,EF,2,2.113333333
2014,MA,Fall,15,EF,2,2.113333333
2014,PA,Fall,6,EF,3,2.113333333
2014,VA,Fall,18,EF,2,2.113333333
2014,PA,Fall,11,EF,2,2.113333333
2014,MA,Fall,9,EF,3,2.113333333
2014,MA,Fall,13,EF,3,2.113333333
2014,MA,Fall,14,EF,1,2.113333333
2014,MA,Fall,12,EF,1,2.113333333
2014,VA,Fall,17,EF,3,2.113333333
2014,PA,Fall,20,EF,1,2.113333333
2014,PA,Fall,7,EF,3,2.113333333
2014,PA,Fall,21,EF,2,2.113333333
2014,VA,Fall,11,EF,2,2.113333333
2014,PA,Fall,17,EF,1,2.113333333
2014,MA,Fall,14,EF,2,2.113333333
2014,MA,Fall,17,EF,1,2.113333333
2014,MA,Fall,8,EF,3,2.113333333
2014,MA,Fall,1,EF,2,2.113333333
2014,MA,Fall,6,EF,1,2.113333333
2014,MA,Fall,5,EF,1(2),2.113333333
2014,PA,Fall,10,EF,2,2.113333333
2014,MA,Fall,12,EF,2,2.113333333
2014,MA,Fall,5,EF,2,2.113333333
2014,MA,Fall,19,EF,1,2.113333333
2014,PA,Fall,7,EF,2,2.113333333
2014,MA,Fall,10,EF,3(2),2.113333333
2014,PA,Fall,9,EF,2,2.113333333
2014,PA,Fall,16,EF,3,2.113333333
2014,MA,Fall,12,EF,2,2.113333333
2014,MA,Fall,19,EF,2,2.113333333
2014,MA,Fall,1,EF,3,2.113333333
2014,PA,Fall,9,EF,1,2.113333333
2014,MA,Fall,4,EF,1,2.113333333
2014,VA,Fall,4,EF,1,2.113333333
2014,VA,Fall,9,EF,3,2.113333333
2014,VA,Fall,1,EF,1,2.113333333
2014,VA,Fall,13,EF,2,2.113333333
2014,VA,Fall,12,EF,2,2.113333333
2014,VA,Fall,10,EF,2,2.113333333
2014,MA,Fall,16,EF,1,2.113333333
2014,PA,Fall,7,EF,1,2.113333333
2014,MA,Fall,11,EF,2,2.113333333
2014,MA,Fall,4,EF,2,2.113333333
2014,VA,Fall,19,EF,2,2.113333333
2014,VA,Fall,14,EF,2,2.113333333
2014,VA,Fall,20,EF,1,2.113333333
2014,MA,Fall,13,EF,2,2.113333333
2014,PA,Fall,12,EF,2,2.113333333
2014,MA,Fall,7,EF,2,2.113333333
2014,VA,Fall,17,EF,2,2.113333333
2014,PA,Fall,10,EF,2,2.113333333
2014,VA,Fall,19,EF,3,2.113333333
2014,PA,Fall,4,EF,2,2.113333333
2014,MA,Fall,1,EF,1,2.113333333
2014,PA,Fall,5,EF,2,2.113333333
2014,VA,Fall,19,EF,1,2.113333333
2014,MA,Fall,15,EF,3,2.113333333
2014,VA,Fall,19,EF,2,2.113333333
2014,PA,Fall,2,EF,1,2.113333333
2014,MA,Fall,11,EF,2,2.113333333
2014,VA,Fall,5,EF,1,2.113333333
2014,VA,Fall,15,EF,3,2.113333333
2014,MA,Fall,13,EF,2,2.113333333
2014,VA,Fall,15,EF,1,2.113333333
2014,MA,Fall,9,EF,2,2.113333333
2014,VA,Fall,20,EF,2,2.113333333
2014,VA,Fall,1,EF,2,2.113333333
2014,PA,Fall,15,EF,2,2.113333333
2014,MA,Fall,7,EF,2,2.113333333
2012,MA,Spring,3,EF,1,0
2012,MA,Spring,10,EF,1,0
2012,VA,Spring,11,EF,1,0
2012,MA,Spring,15,EF,1,0
2012,VA,Spring,18,EF,3,0
2012,MA,Spring,19,EF,1,0
2012,MA,Spring,20,EF,1,0
2012,PA,Spring,20,EF,2,0
2012,PA,Spring,20,EF,3,0
2012,PA,Fall,22,EF,1,0
2012,MA,Fall,22,EF,3,0
2012,PA,Fall,24,EF,1(2),0
2012,MA,Fall,26,EF,1,0
2012,VA,Fall,28,EF,5,0
2012,VA,Fall,28,EF,4,0
2012,MA,Fall,28,EF,2,0
2012,VA,Fall,30,EF,2,0
2012,MA,Fall,32,EF,3,0
2012,MA,Fall,34,EF,3,0
2012,MA,Fall,35,EF,3,0
2012,VA,Fall,38,EF,1,0
2012,VA,Fall,38,EF,2,0
2012,PA,Fall,39,EF,1,0
2012,MA,Fall,39,EF,3,0
2012,VA,Fall,40,EF,3,0
2012,MA,Spring,12,EF,3,0
2012,MA,Spring,14,EF,1,0
2012,MA,Spring,14,EF,1,0
2012,MA,Spring,16,EF,1,0
2012,MA,Spring,16,EF,2,0
2012,MA,Spring,18,EF,1,0
2012,MA,Spring,18,EF,2,0
2012,MA,Spring,2,EF,3,0
2012,MA,Spring,20,EF,1,0
2012,MA,Spring,20,EF,2,0
2012,MA,Spring,20,EF,2,0
2012,MA,Spring,20,EF,3,0
2012,MA,Spring,3,EF,2,0
2012,MA,Spring,6,EF,1,0
2012,MA,Spring,6,EF,3,0
2012,MA,Spring,9,EF,1,0
2012,MA,Spring,9,EF,2,0
2012,PA,Spring,1,EF,3,0
2012,PA,Spring,10,EF,1,0
2012,PA,Spring,10,EF,3,0
2012,PA,Spring,11,EF,1,0
2012,PA,Spring,11,EF,1,0
2012,PA,Spring,11,EF,3,0
2012,PA,Spring,12,EF,1,0
2012,PA,Spring,12,EF,2,0
2012,PA,Spring,12,EF,2,0
2012,PA,Spring,12,EF,3,0
2012,PA,Spring,13,EF,3,0
2012,PA,Spring,14,EF,3,0
2012,PA,Spring,15,EF,1,0
2012,PA,Spring,15,EF,2,0
2012,PA,Spring,15,EF,3,0
2012,PA,Spring,15,EF,4,0
2012,PA,Spring,16,EF,3,0
2012,PA,Spring,16,EF,3,0
2012,PA,Spring,17,EF,1,0
2012,PA,Spring,19,EF,2,0
2012,PA,Spring,19,EF,3,0
2012,PA,Spring,19,EF,3,0
2012,PA,Spring,2,EF,1,0
2012,PA,Spring,2,EF,2,0
2012,PA,Spring,2,EF,3,0
2012,PA,Spring,20,EF,2,0
2012,PA,Spring,20,EF,3,0
2012,PA,Spring,5,EF,3,0
2012,PA,Spring,5,EF,3,0
2012,PA,Spring,6,EF,1,0
2012,PA,Spring,8,EF,2,0
2012,PA,Spring,9,EF,1,0
2012,PA,Spring,9,EF,4,0
2012,VA,Spring,1,EF,2,0
2012,VA,Spring,1,EF,3,0
2012,VA,Spring,11,EF,1,0
2012,VA,Spring,11,EF,2,0
2012,VA,Spring,12,EF,1,0
2012,VA,Spring,12,EF,2,0
2012,VA,Spring,12,EF,3,0
2012,VA,Spring,12,EF,3,0
2012,VA,Spring,12,EF,3,0
2012,VA,Spring,13,EF,1,0
2012,VA,Spring,16,EF,3,0
2012,VA,Spring,17,EF,1,0
2012,VA,Spring,17,EF,2,0
2012,VA,Spring,18,EF,1,0
2012,VA,Spring,18,EF,2,0
2012,VA,Spring,18,EF,3,0
2012,VA,Spring,19,EF,1,0
2012,VA,Spring,19,EF,2,0
2012,VA,Spring,19,EF,3,0
2012,VA,Spring,19,EF,3,0
2012,VA,Spring,2,EF,1,0
2012,VA,Spring,20,EF,1,0
2012,VA,Spring,3,EF,1,0
2012,VA,Spring,3,EF,2,0
2012,VA,Spring,3,EF,3,0
2012,VA,Spring,4,EF,2,0
2012,VA,Spring,5,EF,3,0
2012,VA,Spring,6,EF,1,0
2012,VA,Spring,7,EF,3,0
2012,VA,Spring,9,EF,1,0